Country,Year,Temperature
0,1961,-0.096
1,1961,-0.015
2,1961,0.643
3,1961,0.154
4,1961,0.075
5,1961,0.058
6,1961,0.736
7,1961,0.033
8,1961,-0.029
9,1961,0.013
10,1961,0.117
11,1961,0.117
12,1961,-0.343
13,1961,0.053
14,1961,0.152
15,1961,1.031
16,1961,1.031
17,1961,-0.01
18,1961,-0.484
19,1961,0.126
20,1961,0.245
21,1961,0.245
22,1961,0.245
23,1961,-0.005
24,1961,-0.173
25,1961,0.176
26,1961,0.223
27,1961,0.223
28,1961,0.088
29,1961,0.198
30,1961,-0.043
31,1961,0.116
32,1961,0.881
33,1961,-0.293
34,1961,0.074
35,1961,-0.076
36,1961,-0.024
37,1961,-0.105
38,1961,0.047
39,1961,0.047
40,1961,-0.012
41,1961,-0.406
42,1961,-0.272
43,1961,0.072
44,1961,0.072
45,1961,0.255
46,1961,0.027
47,1961,0.479
48,1961,-0.013
49,1961,-0.144
50,1961,0.108
51,1961,0.108
52,1961,0.108
53,1961,-0.057
54,1961,0.062
55,1961,0.062
56,1961,1.118
57,1961,0.135
58,1961,0.011
59,1961,-0.05
60,1961,-0.138
61,1961,-0.223
62,1961,-0.057
63,1961,-0.135
64,1961,-0.135
65,1961,-0.135
66,1961,0.312
67,1961,0.312
68,1961,0.885
69,1961,-0.351
70,1961,0.632
71,1961,0.25
72,1961,1.895
73,1961,0.831
74,1961,0.08
75,1961,-0.098
76,1961,-0.137
77,1961,-0.137
78,1961,0.992
79,1961,-0.102
80,1961,0.606
81,1961,0.466
82,1961,-0.398
83,1961,0.394
84,1961,-0.008
85,1961,-0.035
86,1961,-0.087
87,1961,-0.126
88,1961,-0.136
89,1961,0.011
90,1961,-0.031
91,1961,0.71
92,1961,-0.081
93,1961,1.181
94,1961,0.613
95,1961,-0.179
96,1961,-0.049
97,1961,-0.074
98,1961,-0.161
99,1961,0.268
100,1961,0.358
101,1961,-0.108
102,1961,0.811
103,1961,-0.043
104,1961,0.666
105,1961,-0.18
106,1961,-0.18
107,1961,0.29
108,1961,-0.015
109,1961,0.495
110,1961,0.64
111,1961,-0.245
112,1961,-0.245
113,1961,0.087
114,1961,0.087
115,1961,0.018
116,1961,0.362
117,1961,-0.117
118,1961,-0.433
119,1961,1.056
120,1961,1.056
121,1961,1.056
122,1961,0.57
123,1961,0.351
124,1961,-0.019
125,1961,-0.019
126,1961,-0.281
127,1961,0.537
128,1961,0.537
129,1961,0.062
130,1961,-0.005
131,1961,0.453
132,1961,0.442
133,1961,-0.148
134,1961,-0.148
135,1961,-0.148
136,1961,0.779
137,1961,0.148
138,1961,0.148
139,1961,0.013
140,1961,0.636
141,1961,0.432
142,1961,-0.023
143,1961,0.162
144,1961,-0.237
145,1961,0.091
146,1961,0.856
147,1961,-0.198
148,1961,-0.279
149,1961,-0.192
150,1961,-0.664
151,1961,-0.251
152,1961,0.214
153,1961,-0.315
154,1961,-0.315
155,1961,1.24
156,1961,0.12
157,1961,-0.286
158,1961,-0.255
159,1961,-0.255
160,1961,-0.255
161,1961,-0.174
162,1961,0.574
163,1961,-0.002
164,1961,-0.134
165,1961,0.564
166,1961,1.397
167,1961,0.833
168,1961,-0.089
169,1961,-0.522
170,1961,1.083
171,1961,1.083
172,1961,-0.002
173,1961,-0.055
174,1961,0.058
175,1961,0.915
199,1961,-0.083
176,1961,-0.177
177,1961,-0.154
178,1961,-0.154
179,1961,0.355
180,1961,-0.077
181,1961,-0.077
182,1961,-0.077
183,1961,-0.077
184,1961,0.208
185,1961,0.323
186,1961,0.256
187,1961,0.256
188,1961,0.747
189,1961,-0.103
190,1961,0.013
191,1961,0.232
192,1961,0.398
193,1961,0.398
194,1961,-0.021
195,1961,0.565
196,1961,1.558
197,1961,0.993
198,1961,-0.023
200,1961,0.145
201,1961,0.145
202,1961,0.385
203,1961,-0.15
204,1961,-0.341
205,1961,-0.116
206,1961,-0.073
207,1961,0.315
208,1961,0.201
209,1961,0.248
210,1961,0.248
211,1961,-0.08
212,1961,-0.06
213,1961,-0.015
214,1961,-0.015
215,1961,-0.288
216,1961,0.496
217,1961,0.005
218,1961,-0.072
219,1961,0.411
220,1961,0.411
221,1961,0.179
222,1961,0.023
223,1961,0.038
224,1961,0.329
225,1961,-0.109
226,1961,0.633
227,1961,0.206
228,1961,0.061
229,1961,0.237
230,1961,0.253
0,1962,-0.143
1,1962,-0.033
2,1962,0.351
3,1962,0.105
4,1962,-0.047
5,1962,-0.087
6,1962,0.109
7,1962,-0.159
8,1962,-0.046
9,1962,-0.025
10,1962,-0.046
11,1962,-0.046
12,1962,-0.046
13,1962,-0.011
14,1962,0.132
15,1962,-0.626
16,1962,-0.626
17,1962,-0.152
18,1962,0.369
19,1962,-0.31
20,1962,0.138
21,1962,0.138
22,1962,0.138
23,1962,-0.176
24,1962,-0.284
25,1962,-0.361
26,1962,-0.054
27,1962,-0.054
28,1962,0.206
29,1962,-0.184
30,1962,-0.067
31,1962,-0.049
32,1962,0.467
33,1962,-0.24
34,1962,-0.463
35,1962,0.275
36,1962,-0.114
37,1962,-0.212
38,1962,-0.12
39,1962,-0.391
40,1962,-0.327
41,1962,-0.266
42,1962,0.27
43,1962,-0.066
44,1962,-0.066
45,1962,-0.146
46,1962,-0.16
47,1962,0.023
48,1962,-0.167
49,1962,-0.036
50,1962,-0.091
51,1962,-0.108
52,1962,-0.108
53,1962,-0.073
54,1962,0.8
55,1962,0.8
56,1962,-0.646
57,1962,-0.175
58,1962,-0.025
59,1962,-0.025
60,1962,-0.179
61,1962,0.67
62,1962,-0.161
63,1962,-0.047
64,1962,-0.047
65,1962,-0.047
66,1962,0.451
67,1962,0.451
68,1962,0.308
69,1962,0.401
70,1962,-0.479
71,1962,-0.065
72,1962,-0.329
73,1962,-0.297
74,1962,-0.169
75,1962,-0.036
76,1962,-0.046
77,1962,-0.046
78,1962,-0.749
79,1962,-0.17
80,1962,0.553
81,1962,0.61
82,1962,0.925
83,1962,-0.252
84,1962,-0.035
85,1962,-0.129
86,1962,-0.083
87,1962,-0.135
88,1962,-0.076
89,1962,-0.082
90,1962,-0.018
91,1962,0.078
92,1962,-0.132
93,1962,-0.414
94,1962,-0.217
95,1962,-0.474
96,1962,0.016
97,1962,0.235
98,1962,0.919
99,1962,-0.687
100,1962,-0.749
101,1962,0.81
102,1962,0.039
103,1962,-0.05
104,1962,0.123
105,1962,0.99
106,1962,0.99
107,1962,-0.234
108,1962,-0.111
109,1962,-0.053
110,1962,-0.091
111,1962,0.833
112,1962,0.833
113,1962,-0.221
114,1962,-0.221
115,1962,0.84
116,1962,0.267
117,1962,-0.11
118,1962,0.224
119,1962,-0.487
120,1962,-0.487
121,1962,-0.487
122,1962,-0.069
123,1962,-0.132
124,1962,-0.071
125,1962,-0.038
126,1962,-0.147
127,1962,0.377
128,1962,0.377
129,1962,0.007
130,1962,0.173
131,1962,-0.016
132,1962,0.026
133,1962,0.183
134,1962,0.183
135,1962,0.183
136,1962,-0.007
137,1962,-0.125
138,1962,-0.125
139,1962,-0.025
140,1962,0.555
141,1962,0.076
142,1962,-0.115
143,1962,-0.078
144,1962,-0.078
145,1962,-0.492
146,1962,-0.905
147,1962,0.132
148,1962,0.584
149,1962,-0.086
150,1962,-0.146
151,1962,-0.267
152,1962,-0.363
153,1962,0.396
154,1962,0.396
155,1962,-0.77
156,1962,0.15
157,1962,0.289
158,1962,-0.215
159,1962,-0.215
160,1962,-0.215
161,1962,0.22
162,1962,-0.639
163,1962,-0.147
164,1962,-0.107
165,1962,0.112
166,1962,-0.516
167,1962,0.539
168,1962,-0.136
169,1962,0.418
170,1962,0.174
171,1962,0.174
172,1962,-0.34
173,1962,-0.131
174,1962,-0.02
175,1962,-0.124
199,1962,-0.03
176,1962,0.674
177,1962,-0.01
178,1962,-0.01
179,1962,0.064
180,1962,-0.078
181,1962,-0.078
182,1962,-0.078
183,1962,-0.078
184,1962,0.089
185,1962,-0.021
186,1962,0.218
187,1962,0.218
188,1962,0.429
189,1962,-0.078
190,1962,-0.025
191,1962,-0.067
192,1962,-0.256
193,1962,-0.256
194,1962,-0.098
195,1962,-1.364
196,1962,-0.687
197,1962,-0.353
198,1962,0.992
200,1962,-0.178
201,1962,-0.178
202,1962,-0.252
203,1962,-0.148
204,1962,0.011
205,1962,-0.206
206,1962,0.084
207,1962,-0.199
208,1962,-0.115
209,1962,0.168
210,1962,0.168
211,1962,-0.226
212,1962,0.097
213,1962,-0.288
214,1962,-0.288
215,1962,0.408
216,1962,-0.73
217,1962,-0.025
218,1962,-0.08
219,1962,-0.456
220,1962,-0.456
221,1962,0.101
222,1962,-0.18
223,1962,-0.215
224,1962,-0.045
225,1962,0.803
226,1962,0.572
227,1962,0.031
228,1962,0.018
229,1962,-0.149
230,1962,0.222
0,1963,0.848
1,1963,0.069
2,1963,0.089
3,1963,0.072
4,1963,0.161
5,1963,0.271
6,1963,-0.759
7,1963,-0.195
8,1963,0.192
9,1963,0.228
10,1963,0.163
11,1963,0.163
12,1963,-0.132
13,1963,0.282
14,1963,-0.091
15,1963,-0.729
16,1963,-0.729
17,1963,-0.173
18,1963,0.616
19,1963,-0.12
20,1963,0.264
21,1963,0.264
22,1963,0.264
23,1963,-0.109
24,1963,0.094
25,1963,-0.277
26,1963,0.357
27,1963,0.357
28,1963,-0.505
29,1963,0.165
30,1963,0.155
31,1963,-0.229
32,1963,-0.264
33,1963,0.126
34,1963,-0.228
35,1963,0.525
36,1963,-0.285
37,1963,0.14
38,1963,0.335
39,1963,-0.248
40,1963,0.01
41,1963,0.297
42,1963,0.108
43,1963,0.315
44,1963,0.315
45,1963,0.287
46,1963,-0.037
47,1963,-0.226
48,1963,-0.053
49,1963,0.13
50,1963,-0.129
51,1963,-0.024
52,1963,-0.024
53,1963,-0.176
54,1963,0.742
55,1963,0.742
56,1963,-1.023
57,1963,0.087
58,1963,0.229
59,1963,0.036
60,1963,-0.009
61,1963,0.644
62,1963,-0.158
63,1963,0.248
64,1963,0.248
65,1963,0.248
66,1963,-0.194
67,1963,-0.194
68,1963,0.105
69,1963,-0.286
70,1963,-0.055
71,1963,-0.028
72,1963,-0.396
73,1963,-0.949
74,1963,-0.085
75,1963,0.26
76,1963,0.123
77,1963,0.123
78,1963,-1.084
79,1963,0.12
80,1963,0.009
81,1963,0.296
82,1963,0.483
83,1963,0.445
84,1963,0.21
85,1963,-0.104
86,1963,-0.071
87,1963,0.163
88,1963,0.146
89,1963,-0.199
90,1963,-0.046
91,1963,-0.145
92,1963,-0.211
93,1963,-0.457
94,1963,0.009
95,1963,-0.019
96,1963,-0.105
97,1963,0.74
98,1963,0.477
99,1963,-0.773
100,1963,-0.825
101,1963,0.832
102,1963,-0.354
103,1963,-0.12
104,1963,-0.056
105,1963,0.789
106,1963,0.789
107,1963,-0.203
108,1963,-0.057
109,1963,-0.103
110,1963,-0.478
111,1963,0.511
112,1963,0.511
113,1963,-0.375
114,1963,-0.375
115,1963,0.784
116,1963,0.019
117,1963,0.118
118,1963,0.271
119,1963,-0.778
120,1963,-0.778
121,1963,-0.778
122,1963,-0.267
123,1963,-0.382
124,1963,-0.12
125,1963,-0.12
126,1963,0.209
127,1963,-0.174
128,1963,-0.174
129,1963,0.235
130,1963,0.137
131,1963,-0.067
132,1963,-0.16
133,1963,0.215
134,1963,0.215
135,1963,0.215
136,1963,-0.59
137,1963,1.19
138,1963,1.19
139,1963,0.228
140,1963,0.182
141,1963,-0.403
142,1963,-0.17
143,1963,0.074
144,1963,0.074
145,1963,-0.211
146,1963,-1.272
147,1963,-0.158
148,1963,-0.354
149,1963,-0.116
150,1963,0.411
151,1963,0.257
152,1963,-0.473
153,1963,0.1
154,1963,0.1
155,1963,-0.124
156,1963,-0.095
157,1963,0.494
158,1963,0.442
159,1963,0.442
160,1963,0.442
161,1963,-0.017
162,1963,0.889
163,1963,0.011
164,1963,-0.349
165,1963,0.185
166,1963,-0.884
167,1963,-0.072
168,1963,0.136
169,1963,0.334
170,1963,-0.295
171,1963,-0.295
172,1963,-0.204
173,1963,-0.193
174,1963,0.069
175,1963,-0.391
199,1963,0.272
176,1963,0.474
177,1963,0.083
178,1963,0.083
179,1963,-0.098
180,1963,0.166
181,1963,0.166
182,1963,0.166
183,1963,0.166
184,1963,-0.085
185,1963,-0.211
186,1963,0.187
187,1963,0.187
188,1963,-0.217
189,1963,-0.007
190,1963,0.228
191,1963,0.323
192,1963,0.448
193,1963,0.448
194,1963,-0.078
195,1963,-2.244
196,1963,-0.453
197,1963,-0.864
198,1963,0.554
200,1963,-0.233
201,1963,-0.233
202,1963,-0.296
203,1963,-0.315
204,1963,-0.624
205,1963,0.038
206,1963,0.13
207,1963,-0.297
208,1963,0.307
209,1963,-0.014
210,1963,-0.014
211,1963,0.045
212,1963,-0.021
213,1963,-0.212
214,1963,-0.212
215,1963,0.301
216,1963,-0.866
217,1963,0.426
218,1963,0.153
219,1963,0.334
220,1963,0.334
221,1963,-0.157
222,1963,-0.041
223,1963,-0.283
224,1963,0.131
225,1963,0.834
226,1963,0.351
227,1963,0.175
228,1963,0.203
229,1963,-0.367
230,1963,-0.462
0,1964,-0.762
1,1964,-0.149
2,1964,-0.154
3,1964,0.248
4,1964,-0.146
5,1964,-0.248
6,1964,0.303
7,1964,-0.231
8,1964,0.099
9,1964,0.093
10,1964,-0.353
11,1964,-0.353
12,1964,0.122
13,1964,-0.168
14,1964,-0.014
15,1964,-0.366
16,1964,-0.366
17,1964,0.092
18,1964,-0.572
19,1964,0.1
20,1964,0.073
21,1964,0.073
22,1964,0.073
23,1964,-0.118
24,1964,-0.259
25,1964,0.05
26,1964,-0.128
27,1964,-0.128
28,1964,-0.067
29,1964,-0.216
30,1964,0.104
31,1964,0.036
32,1964,-0.543
33,1964,-0.247
34,1964,-0.167
35,1964,0.046
36,1964,0.145
37,1964,-0.166
38,1964,-0.299
39,1964,-0.299
40,1964,-0.159
41,1964,-0.173
42,1964,-0.172
43,1964,0.104
44,1964,0.104
45,1964,-0.024
46,1964,0.077
47,1964,-0.19
48,1964,-0.123
49,1964,-0.112
50,1964,0.132
51,1964,-0.183
52,1964,-0.183
53,1964,0.109
54,1964,-0.583
55,1964,-0.583
56,1964,-0.28
57,1964,-0.249
58,1964,0.094
59,1964,0.19
60,1964,-0.194
61,1964,-0.365
62,1964,-0.083
63,1964,-0.139
64,1964,-0.139
65,1964,-0.139
66,1964,0.065
67,1964,0.065
68,1964,-0.524
69,1964,-0.082
70,1964,0.478
71,1964,0.205
72,1964,0.344
73,1964,0.029
74,1964,-0.255
75,1964,-0.123
76,1964,-0.185
77,1964,-0.185
78,1964,-0.329
79,1964,-0.22
80,1964,0.469
81,1964,-0.311
82,1964,0.305
83,1964,-0.151
84,1964,0.096
85,1964,-0.08
86,1964,-0.008
87,1964,-0.182
88,1964,-0.228
89,1964,0.247
90,1964,0.154
91,1964,0.21
92,1964,-0.045
93,1964,-0.869
94,1964,1.15
95,1964,-0.031
96,1964,0.002
97,1964,-0.661
98,1964,-0.776
99,1964,0.156
100,1964,0.088
101,1964,-0.634
102,1964,0.145
103,1964,-0.052
104,1964,0.26
105,1964,-0.655
106,1964,-0.655
107,1964,-0.439
108,1964,-0.166
109,1964,0.241
110,1964,0.604
111,1964,-0.747
112,1964,-0.747
113,1964,-0.06
114,1964,-0.06
115,1964,-0.707
116,1964,-0.004
117,1964,-0.164
118,1964,-0.064
119,1964,0.064
120,1964,0.064
121,1964,0.064
122,1964,-0.352
123,1964,-0.27
124,1964,0.052
125,1964,0.052
126,1964,-0.142
127,1964,0.276
128,1964,0.276
129,1964,0.09
130,1964,0.086
131,1964,-0.165
132,1964,-0.141
133,1964,-0.304
134,1964,-0.304
135,1964,-0.304
136,1964,0.433
137,1964,-0.179
138,1964,-0.179
139,1964,0.093
140,1964,0.487
141,1964,-0.168
142,1964,0.027
143,1964,-0.079
144,1964,-0.079
145,1964,0.17
146,1964,-0.341
147,1964,0.218
148,1964,-0.454
149,1964,-0.147
150,1964,-0.283
151,1964,-0.294
152,1964,0.077
153,1964,0.17
154,1964,0.17
155,1964,0.378
156,1964,-0.02
157,1964,-0.35
158,1964,-0.359
159,1964,-0.359
160,1964,-0.359
161,1964,0.092
162,1964,-0.292
163,1964,-0.243
164,1964,-0.025
165,1964,0.248
166,1964,-0.718
167,1964,0.526
168,1964,0.075
169,1964,-0.476
170,1964,-0.784
171,1964,-0.784
172,1964,-0.189
173,1964,-0.527
174,1964,0.075
175,1964,-0.098
199,1964,-0.126
176,1964,-0.479
177,1964,-0.213
178,1964,-0.213
179,1964,-0.193
180,1964,-0.163
181,1964,-0.163
182,1964,-0.163
183,1964,-0.163
184,1964,0.102
185,1964,0.027
186,1964,-0.066
187,1964,-0.066
188,1964,0.487
189,1964,0.099
190,1964,0.093
191,1964,-0.008
192,1964,-0.153
193,1964,-0.153
194,1964,0.045
195,1964,-0.505
196,1964,0.393
197,1964,0.143
198,1964,-0.693
200,1964,0.226
201,1964,0.226
202,1964,-0.388
203,1964,-0.027
204,1964,-0.202
205,1964,-0.18
206,1964,-0.301
207,1964,0.229
208,1964,-0.066
209,1964,0.382
210,1964,0.382
211,1964,0.254
212,1964,-0.016
213,1964,-0.26
214,1964,-0.26
215,1964,-0.296
216,1964,0.025
217,1964,-0.28
218,1964,0.099
219,1964,-0.759
220,1964,-0.759
221,1964,0.228
222,1964,0.033
223,1964,0.086
224,1964,0.19
225,1964,-0.642
226,1964,0.841
227,1964,-0.251
228,1964,-0.215
229,1964,-0.258
230,1964,-0.097
0,1965,-0.233
1,1965,-0.194
2,1965,-0.377
3,1965,-0.104
4,1965,-0.538
5,1965,-0.373
6,1965,-0.501
7,1965,-0.2
8,1965,-0.334
9,1965,-0.378
10,1965,0.089
11,1965,0.089
12,1965,-0.33
13,1965,-0.024
14,1965,0.128
15,1965,-0.882
16,1965,-0.882
17,1965,-0.003
18,1965,0.224
19,1965,-0.198
20,1965,-0.176
21,1965,-0.176
22,1965,-0.176
23,1965,-0.152
24,1965,-0.112
25,1965,-0.577
26,1965,0.245
27,1965,0.245
28,1965,0.09
29,1965,-0.088
30,1965,-0.29
31,1965,-0.335
32,1965,-0.468
33,1965,-0.163
34,1965,-0.204
35,1965,-0.283
36,1965,-0.212
37,1965,-0.095
38,1965,-0.871
39,1965,-0.871
40,1965,-0.061
41,1965,-0.114
42,1965,0.143
43,1965,0.141
44,1965,0.141
45,1965,0.076
46,1965,-0.141
47,1965,-0.312
48,1965,-0.189
49,1965,-0.154
50,1965,-0.403
51,1965,-0.456
52,1965,-0.456
53,1965,0.088
54,1965,-0.181
55,1965,-0.181
56,1965,-0.611
57,1965,-0.38
58,1965,-0.378
59,1965,-0.332
60,1965,0.299
61,1965,-0.08
62,1965,-0.099
63,1965,-0.155
64,1965,-0.155
65,1965,-0.155
66,1965,-0.18
67,1965,-0.18
68,1965,-0.435
69,1965,0.178
70,1965,-0.354
71,1965,-0.598
72,1965,-0.261
73,1965,-0.622
74,1965,-0.174
75,1965,-0.134
76,1965,-0.467
77,1965,-0.467
78,1965,-0.815
79,1965,-0.141
80,1965,-0.092
81,1965,-0.328
82,1965,0.869
83,1965,-0.16
84,1965,-0.356
85,1965,-0.083
86,1965,-0.2
87,1965,-0.107
88,1965,-0.387
89,1965,-0.033
90,1965,-0.18
91,1965,-0.427
92,1965,-0.07
93,1965,-0.877
94,1965,-0.175
95,1965,-0.068
96,1965,-0.203
97,1965,-0.276
98,1965,-0.102
99,1965,-0.557
100,1965,-0.587
101,1965,-0.033
102,1965,-0.424
103,1965,-0.235
104,1965,-0.524
105,1965,-0.003
106,1965,-0.003
107,1965,-0.303
108,1965,-0.336
109,1965,-0.207
110,1965,-0.165
111,1965,0.089
112,1965,0.089
113,1965,-0.169
114,1965,-0.169
115,1965,-0.076
116,1965,-0.083
117,1965,-0.259
118,1965,-0.076
119,1965,-0.837
120,1965,-0.837
121,1965,-0.837
122,1965,-0.551
123,1965,-0.513
124,1965,-0.241
125,1965,-0.241
126,1965,-0.315
127,1965,-0.204
128,1965,-0.204
129,1965,-0.337
130,1965,-0.506
131,1965,-0.109
132,1965,-0.499
133,1965,-0.081
134,1965,-0.081
135,1965,-0.081
136,1965,-0.446
137,1965,0.855
138,1965,0.855
139,1965,-0.378
140,1965,-0.278
141,1965,-0.562
142,1965,-0.317
143,1965,-0.083
144,1965,-0.083
145,1965,-0.403
146,1965,-0.73
147,1965,-0.751
148,1965,-0.451
149,1965,-0.266
150,1965,-0.039
151,1965,-0.058
152,1965,-0.539
153,1965,-0.452
154,1965,-0.452
155,1965,-0.259
156,1965,0.068
157,1965,-0.106
158,1965,-0.258
159,1965,-0.258
160,1965,-0.265
161,1965,-0.525
162,1965,-0.077
163,1965,0.162
164,1965,-0.29
165,1965,0.235
166,1965,-1.064
167,1965,-0.219
168,1965,-0.368
169,1965,0.269
170,1965,-0.665
171,1965,-0.665
172,1965,-0.244
173,1965,-0.502
174,1965,-0.311
175,1965,-0.404
199,1965,-0.093
176,1965,0.152
177,1965,-0.455
178,1965,-0.455
179,1965,-0.563
180,1965,-0.293
181,1965,-0.293
182,1965,-0.293
183,1965,-0.293
184,1965,-0.501
185,1965,-0.381
186,1965,-0.016
187,1965,-0.016
188,1965,-0.184
189,1965,-0.114
190,1965,-0.378
191,1965,-0.235
192,1965,-0.161
193,1965,-0.161
194,1965,-0.055
195,1965,-0.159
196,1965,-0.223
197,1965,-0.786
198,1965,-0.172
200,1965,-0.171
201,1965,-0.171
202,1965,-0.204
203,1965,-0.222
204,1965,-0.222
205,1965,-0.091
206,1965,-0.118
207,1965,-0.612
208,1965,-0.146
209,1965,-0.124
210,1965,-0.124
211,1965,-0.312
212,1965,-0.318
213,1965,-0.11
214,1965,-0.11
215,1965,0.157
216,1965,-0.576
217,1965,-0.358
218,1965,-0.304
219,1965,0.185
220,1965,0.185
221,1965,-0.517
222,1965,-0.163
223,1965,-0.02
224,1965,-0.408
225,1965,-0.034
226,1965,-0.305
227,1965,-0.251
228,1965,-0.591
229,1965,-0.39
230,1965,-0.471
0,1966,0.239
1,1966,0.142
2,1966,0.565
3,1966,0.424
4,1966,0.21
5,1966,-0.113
6,1966,0.395
7,1966,0.177
8,1966,0.08
9,1966,0.216
10,1966,-0.178
11,1966,-0.178
12,1966,0.212
13,1966,0.331
14,1966,-0.255
15,1966,0.606
16,1966,0.606
17,1966,-0.193
18,1966,0.516
19,1966,0.312
20,1966,-0.025
21,1966,-0.025
22,1966,-0.025
23,1966,-0.254
24,1966,-0.018
25,1966,0.134
26,1966,-0.104
27,1966,-0.104
28,1966,0.437
29,1966,0.03
30,1966,-0.056
31,1966,0.161
32,1966,1.141
33,1966,-0.154
34,1966,0.074
35,1966,0.302
36,1966,0.425
37,1966,-0.005
38,1966,-0.161
39,1966,-0.269
40,1966,0.03
41,1966,-0.011
42,1966,-0.195
43,1966,0.642
44,1966,0.642
45,1966,0.179
46,1966,0.115
47,1966,0.081
48,1966,0.116
49,1966,0.112
50,1966,0.006
51,1966,0.246
52,1966,0.246
53,1966,-0.277
54,1966,0.648
55,1966,0.648
56,1966,-0.51
57,1966,0.054
58,1966,0.216
59,1966,-0.004
60,1966,0.11
61,1966,0.457
62,1966,0.089
63,1966,0.143
64,1966,0.143
65,1966,0.143
66,1966,0.333
67,1966,0.333
68,1966,0.723
69,1966,-0.606
70,1966,-0.393
71,1966,-0.235
72,1966,-1.799
73,1966,0.423
74,1966,0.035
75,1966,0.17
76,1966,-0.091
77,1966,-0.091
78,1966,0.405
79,1966,0.085
80,1966,0.23
81,1966,0.789
82,1966,-0.168
83,1966,0.139
84,1966,0.148
85,1966,-0.086
86,1966,0.108
87,1966,-0.024
88,1966,-0.052
89,1966,0.252
90,1966,0.02
91,1966,0.243
92,1966,0.051
93,1966,0.761
94,1966,-0.575
95,1966,0.32
96,1966,0.016
97,1966,0.755
98,1966,0.997
99,1966,-0.039
100,1966,-0.109
101,1966,0.602
102,1966,0.304
103,1966,-0.008
104,1966,0.018
105,1966,0.735
106,1966,0.735
107,1966,0.073
108,1966,-0.004
109,1966,-0.063
110,1966,0.111
111,1966,0.827
112,1966,0.827
113,1966,0.464
114,1966,0.464
115,1966,0.674
116,1966,0.235
117,1966,0.053
118,1966,0.298
119,1966,0.413
120,1966,0.413
121,1966,0.413
122,1966,-0.004
123,1966,0.167
124,1966,0.133
125,1966,0.424
126,1966,-0.005
127,1966,0.174
128,1966,0.174
129,1966,0.169
130,1966,0.133
131,1966,0.079
132,1966,0.112
133,1966,-0.254
134,1966,-0.254
135,1966,-0.254
136,1966,0.225
137,1966,0.371
138,1966,0.371
139,1966,0.216
140,1966,0.451
141,1966,0.16
142,1966,0.391
143,1966,0.113
144,1966,-0.339
145,1966,0.27
146,1966,0.27
147,1966,-0.581
148,1966,-0.214
149,1966,0.248
150,1966,-0.13
151,1966,-0.092
152,1966,-0.427
153,1966,-0.265
154,1966,-0.265
155,1966,-1.634
156,1966,-0.248
157,1966,0.309
158,1966,-0.121
159,1966,-0.121
160,1966,0.069
161,1966,-0.142
162,1966,-0.077
163,1966,0.063
164,1966,0.171
165,1966,-0.481
166,1966,0.554
167,1966,0.29
168,1966,-0.055
169,1966,0.33
170,1966,1.064
171,1966,1.064
172,1966,0.083
173,1966,0.129
174,1966,0.085
175,1966,0.396
199,1966,0.235
176,1966,0.645
177,1966,-0.082
178,1966,-0.082
179,1966,0.041
180,1966,-0.018
181,1966,-0.018
182,1966,-0.018
183,1966,-0.018
184,1966,-0.163
185,1966,0.177
186,1966,0.251
187,1966,0.251
188,1966,0.407
189,1966,0.24
190,1966,0.216
191,1966,0.117
192,1966,0.14
193,1966,0.14
194,1966,0.122
195,1966,-2.357
196,1966,-1.668
197,1966,0.471
198,1966,0.924
200,1966,0.263
201,1966,0.263
202,1966,0.09
203,1966,0.411
204,1966,0.118
205,1966,0.059
206,1966,0.017
207,1966,-0.416
208,1966,0.156
209,1966,0.577
210,1966,0.577
211,1966,0.254
212,1966,0.0
213,1966,0.018
214,1966,0.018
215,1966,0.224
216,1966,-0.14
217,1966,-0.212
218,1966,-0.055
219,1966,-0.412
220,1966,-0.412
221,1966,-0.203
222,1966,0.205
223,1966,0.486
224,1966,0.051
225,1966,0.595
226,1966,0.314
227,1966,0.185
228,1966,0.119
229,1966,0.317
230,1966,0.212
0,1967,-0.355
1,1967,-0.212
2,1967,-0.071
3,1967,0.0
4,1967,-0.339
5,1967,-0.153
6,1967,0.614
7,1967,-0.082
8,1967,-0.207
9,1967,-0.087
10,1967,-0.01
11,1967,-0.01
12,1967,-0.351
13,1967,-0.309
14,1967,-0.096
15,1967,0.682
16,1967,0.682
17,1967,-0.172
18,1967,-0.381
19,1967,-0.211
20,1967,-0.107
21,1967,-0.107
22,1967,-0.107
23,1967,-0.369
24,1967,-0.257
25,1967,-0.379
26,1967,0.3
27,1967,0.3
28,1967,-0.442
29,1967,0.083
30,1967,-0.326
31,1967,-0.109
32,1967,0.016
33,1967,-0.197
34,1967,-0.185
35,1967,-0.037
36,1967,-0.126
37,1967,-0.114
38,1967,-0.46
39,1967,-0.375
40,1967,-0.29
41,1967,-0.381
42,1967,-0.177
43,1967,0.047
44,1967,0.047
45,1967,-0.285
46,1967,-0.282
47,1967,0.177
48,1967,-0.121
49,1967,-0.129
50,1967,-0.359
51,1967,-0.359
52,1967,-0.359
53,1967,-0.267
54,1967,-0.771
55,1967,-0.771
56,1967,0.824
57,1967,-0.417
58,1967,-0.087
59,1967,-0.239
60,1967,-0.41
61,1967,-0.68
62,1967,-0.488
63,1967,-0.048
64,1967,-0.048
65,1967,-0.048
66,1967,-0.261
67,1967,-0.261
68,1967,0.167
69,1967,0.011
70,1967,-0.121
71,1967,-0.239
72,1967,1.092
73,1967,0.497
74,1967,-0.324
75,1967,-0.095
76,1967,-0.389
77,1967,-0.389
78,1967,0.868
79,1967,-0.197
80,1967,-0.125
81,1967,-0.196
82,1967,-0.417
83,1967,-0.131
84,1967,-0.147
85,1967,-0.396
86,1967,-0.16
87,1967,-0.241
88,1967,-0.282
89,1967,-0.131
90,1967,-0.202
91,1967,0.142
92,1967,-0.322
93,1967,0.601
94,1967,-0.678
95,1967,-0.201
96,1967,-0.136
97,1967,-0.287
98,1967,-0.809
99,1967,-0.014
100,1967,0.098
101,1967,-0.928
102,1967,0.297
103,1967,-0.199
104,1967,0.034
105,1967,-1.052
106,1967,-1.052
107,1967,-0.048
108,1967,-0.027
109,1967,0.166
110,1967,0.18
111,1967,-0.641
112,1967,-0.641
113,1967,-0.102
114,1967,-0.102
115,1967,-0.95
116,1967,-0.107
117,1967,-0.143
118,1967,-0.541
119,1967,0.552
120,1967,0.552
121,1967,0.552
122,1967,0.33
123,1967,0.086
124,1967,-0.14
125,1967,-0.041
126,1967,-0.132
127,1967,0.16
128,1967,0.16
129,1967,-0.09
130,1967,-0.222
131,1967,0.217
132,1967,0.182
133,1967,-0.117
134,1967,-0.117
135,1967,-0.117
136,1967,0.442
137,1967,-0.446
138,1967,-0.446
139,1967,-0.087
140,1967,-0.023
141,1967,0.129
142,1967,-0.047
143,1967,-0.138
144,1967,-0.138
145,1967,-0.281
146,1967,0.755
147,1967,0.093
148,1967,-0.157
149,1967,-0.326
150,1967,-0.395
151,1967,-0.323
152,1967,-0.281
153,1967,0.201
154,1967,0.201
155,1967,0.565
156,1967,-0.107
157,1967,0.024
158,1967,-0.299
159,1967,-0.299
160,1967,-0.255
161,1967,-0.252
162,1967,0.476
163,1967,-0.271
164,1967,-0.154
165,1967,0.392
166,1967,1.138
167,1967,-0.043
168,1967,-0.261
169,1967,-0.343
170,1967,0.294
171,1967,0.294
172,1967,-0.18
173,1967,0.223
174,1967,-0.3
175,1967,0.383
199,1967,-0.06
176,1967,-0.704
177,1967,-0.435
178,1967,-0.435
179,1967,0.002
180,1967,-0.138
181,1967,-0.138
182,1967,-0.138
183,1967,-0.138
184,1967,-0.175
185,1967,-0.102
186,1967,-0.073
187,1967,-0.073
188,1967,0.153
189,1967,-0.069
190,1967,-0.087
191,1967,-0.11
192,1967,-0.132
193,1967,-0.132
194,1967,-0.16
195,1967,-0.134
196,1967,0.832
197,1967,0.561
198,1967,-1.024
200,1967,0.059
201,1967,0.059
202,1967,0.046
203,1967,-0.051
204,1967,-0.391
205,1967,-0.231
206,1967,-0.299
207,1967,-0.211
208,1967,-0.111
209,1967,0.075
210,1967,0.075
211,1967,0.075
212,1967,-0.24
213,1967,-0.064
214,1967,-0.064
215,1967,-0.128
216,1967,0.217
217,1967,0.078
218,1967,-0.313
219,1967,0.016
220,1967,0.016
221,1967,-0.171
222,1967,-0.249
223,1967,-0.128
224,1967,-0.252
225,1967,-0.935
226,1967,-0.015
227,1967,-0.131
228,1967,-0.227
229,1967,-0.018
230,1967,-0.055
0,1968,-0.402
1,1968,-0.225
2,1968,0.085
3,1968,-0.065
4,1968,-0.164
5,1968,0.053
6,1968,-0.02
7,1968,-0.193
8,1968,-0.161
9,1968,-0.196
10,1968,0.452
11,1968,0.452
12,1968,-0.139
13,1968,-0.337
14,1968,-0.215
15,1968,0.217
16,1968,0.217
17,1968,-0.312
18,1968,-0.464
19,1968,-0.224
20,1968,-0.197
21,1968,-0.197
22,1968,-0.197
23,1968,-0.258
24,1968,-0.1
25,1968,-0.465
26,1968,-0.077
27,1968,-0.077
28,1968,-0.17
29,1968,-0.403
30,1968,-0.127
31,1968,-0.184
32,1968,0.417
33,1968,-0.206
34,1968,-0.207
35,1968,-0.342
36,1968,-0.163
37,1968,-0.088
38,1968,0.474
39,1968,-0.504
40,1968,-0.205
41,1968,-0.173
42,1968,0.314
43,1968,-0.649
44,1968,-0.649
45,1968,-0.411
46,1968,-0.235
47,1968,-0.43
48,1968,-0.164
49,1968,-0.096
50,1968,-0.373
51,1968,-0.373
52,1968,-0.373
53,1968,-0.356
54,1968,-0.027
55,1968,-0.027
56,1968,0.27
57,1968,-0.462
58,1968,-0.194
59,1968,-0.269
60,1968,-0.364
61,1968,-0.131
62,1968,-0.342
63,1968,-0.045
64,1968,-0.045
65,1968,-0.045
66,1968,-0.385
67,1968,-0.385
68,1968,0.042
69,1968,0.286
70,1968,-0.251
71,1968,-0.058
72,1968,-1.629
73,1968,-0.077
74,1968,-0.569
75,1968,-0.098
76,1968,-0.555
77,1968,-0.555
78,1968,0.204
79,1968,-0.104
80,1968,0.004
81,1968,0.189
82,1968,-0.276
83,1968,-0.146
84,1968,-0.178
85,1968,-0.359
86,1968,-0.156
87,1968,-0.191
88,1968,-0.447
89,1968,-0.3
90,1968,-0.175
91,1968,0.03
92,1968,-0.304
93,1968,0.388
94,1968,-0.722
95,1968,-0.188
96,1968,-0.055
97,1968,-0.275
98,1968,-0.242
99,1968,0.063
100,1968,0.027
101,1968,-0.118
102,1968,0.012
103,1968,-0.122
104,1968,-0.496
105,1968,-0.136
106,1968,-0.136
107,1968,-0.633
108,1968,-0.003
109,1968,-0.467
110,1968,-0.669
111,1968,-0.278
112,1968,-0.278
113,1968,-0.115
114,1968,-0.115
115,1968,-0.093
116,1968,-0.367
117,1968,-0.071
118,1968,0.003
119,1968,0.018
120,1968,0.018
121,1968,0.018
122,1968,-0.421
123,1968,-0.263
124,1968,-0.104
125,1968,-0.149
126,1968,-0.288
127,1968,0.008
128,1968,0.008
129,1968,-0.197
130,1968,-0.468
131,1968,-0.183
132,1968,-0.455
133,1968,-0.433
134,1968,-0.433
135,1968,-0.433
136,1968,0.005
137,1968,-0.789
138,1968,-0.789
139,1968,-0.196
140,1968,-0.166
141,1968,-0.348
142,1968,-0.164
143,1968,-0.16
144,1968,-0.16
145,1968,-0.422
146,1968,0.157
147,1968,-0.365
148,1968,-0.059
149,1968,-0.244
150,1968,-0.048
151,1968,-0.045
152,1968,-0.12
153,1968,-0.005
154,1968,-0.005
155,1968,-0.931
156,1968,-0.204
157,1968,-0.679
158,1968,-0.445
159,1968,-0.445
160,1968,-0.226
161,1968,-0.109
162,1968,-0.061
163,1968,-0.335
164,1968,-0.123
165,1968,-0.382
166,1968,0.462
167,1968,0.021
168,1968,-0.258
169,1968,-0.627
170,1968,0.445
171,1968,0.445
172,1968,-0.015
173,1968,0.099
174,1968,-0.227
175,1968,-0.035
199,1968,-0.027
176,1968,-0.437
177,1968,-0.544
178,1968,-0.544
179,1968,-0.178
180,1968,-0.073
181,1968,-0.073
182,1968,-0.073
183,1968,-0.073
184,1968,-0.178
185,1968,-0.577
186,1968,-0.379
187,1968,-0.379
188,1968,0.097
189,1968,-0.052
190,1968,-0.196
191,1968,-0.179
192,1968,-0.146
193,1968,-0.146
194,1968,-0.266
195,1968,-3.25
196,1968,-0.929
197,1968,-0.055
198,1968,-0.193
200,1968,-0.972
201,1968,-0.972
202,1968,-0.467
203,1968,-0.113
204,1968,0.003
205,1968,-0.099
206,1968,-0.212
207,1968,0.0
208,1968,-0.18
209,1968,0.091
210,1968,0.091
211,1968,0.091
212,1968,-0.255
213,1968,-0.254
214,1968,-0.254
215,1968,-0.704
216,1968,-0.073
217,1968,-0.078
218,1968,-0.15
219,1968,0.384
220,1968,0.384
221,1968,-0.321
222,1968,-0.195
223,1968,-0.295
224,1968,-0.092
225,1968,-0.111
226,1968,-0.378
227,1968,-0.102
228,1968,-0.228
229,1968,-0.132
230,1968,0.086
0,1969,-0.528
1,1969,0.359
2,1969,-0.009
3,1969,0.275
4,1969,0.153
5,1969,0.085
6,1969,-0.172
7,1969,0.183
8,1969,0.397
9,1969,0.359
10,1969,0.263
11,1969,0.263
12,1969,0.502
13,1969,-0.013
14,1969,0.107
15,1969,-0.12
16,1969,-0.12
17,1969,-0.128
18,1969,0.553
19,1969,0.018
20,1969,0.495
21,1969,0.495
22,1969,0.495
23,1969,0.23
24,1969,0.35
25,1969,0.135
26,1969,0.592
27,1969,0.592
28,1969,0.215
29,1969,0.323
30,1969,0.434
31,1969,0.231
32,1969,-0.489
33,1969,0.566
34,1969,0.215
35,1969,0.943
36,1969,0.444
37,1969,0.227
38,1969,-0.005
39,1969,0.048
40,1969,0.101
41,1969,0.591
42,1969,0.097
43,1969,0.0
44,1969,0.0
45,1969,-0.216
46,1969,0.307
47,1969,0.221
48,1969,0.136
49,1969,0.125
50,1969,-0.041
51,1969,0.091
52,1969,0.091
53,1969,-0.009
54,1969,0.138
55,1969,0.138
56,1969,-0.133
57,1969,0.223
58,1969,0.361
59,1969,0.318
60,1969,0.415
61,1969,0.43
62,1969,0.263
63,1969,0.125
64,1969,0.125
65,1969,0.125
66,1969,0.469
67,1969,0.469
68,1969,-1.014
69,1969,-0.348
70,1969,-0.346
71,1969,-0.067
72,1969,-0.475
73,1969,0.017
74,1969,0.29
75,1969,0.152
76,1969,0.81
77,1969,0.81
78,1969,-0.111
79,1969,0.342
80,1969,-0.336
81,1969,-0.08
82,1969,-0.08
83,1969,0.478
84,1969,0.379
85,1969,0.393
86,1969,0.474
87,1969,0.432
88,1969,0.704
89,1969,0.434
90,1969,0.152
91,1969,0.005
92,1969,0.231
93,1969,-0.274
94,1969,-1.016
95,1969,0.354
96,1969,0.165
97,1969,-0.371
98,1969,0.273
99,1969,-0.279
100,1969,-0.297
101,1969,0.238
102,1969,-0.107
103,1969,0.242
104,1969,-0.043
105,1969,0.376
106,1969,0.376
107,1969,0.076
108,1969,0.371
109,1969,-0.457
110,1969,-0.28
111,1969,0.385
112,1969,0.385
113,1969,0.518
114,1969,0.518
115,1969,0.221
116,1969,0.503
117,1969,0.16
118,1969,0.806
119,1969,-0.012
120,1969,-0.012
121,1969,-0.012
122,1969,0.403
123,1969,0.287
124,1969,0.235
125,1969,0.316
126,1969,0.668
127,1969,-0.079
128,1969,-0.079
129,1969,0.384
130,1969,0.582
131,1969,0.32
132,1969,0.15
133,1969,0.173
134,1969,0.173
135,1969,0.173
136,1969,-0.243
137,1969,-0.841
138,1969,-0.841
139,1969,0.359
140,1969,-0.035
141,1969,0.313
142,1969,0.199
143,1969,0.221
144,1969,0.221
145,1969,0.092
146,1969,-0.006
147,1969,-0.091
148,1969,-0.377
149,1969,0.134
150,1969,0.796
151,1969,0.384
152,1969,0.384
153,1969,-0.365
154,1969,-0.365
155,1969,-0.166
156,1969,0.093
157,1969,0.039
158,1969,0.278
159,1969,0.278
160,1969,0.164
161,1969,0.14
162,1969,0.351
163,1969,0.47
164,1969,0.118
165,1969,-0.273
166,1969,-0.489
167,1969,-0.355
168,1969,0.428
169,1969,0.603
170,1969,-0.582
171,1969,-0.582
172,1969,0.222
173,1969,0.613
174,1969,0.211
175,1969,-0.12
199,1969,0.174
176,1969,0.53
177,1969,0.718
178,1969,0.718
179,1969,0.179
180,1969,0.259
181,1969,0.259
182,1969,0.259
183,1969,0.259
184,1969,0.204
185,1969,0.043
186,1969,0.289
187,1969,0.289
188,1969,-0.281
189,1969,0.243
190,1969,0.359
191,1969,0.443
192,1969,0.478
193,1969,0.478
194,1969,0.495
195,1969,-1.74
196,1969,-0.203
197,1969,-0.074
198,1969,0.158
200,1969,-0.039
201,1969,-0.039
202,1969,0.348
203,1969,0.467
204,1969,0.143
205,1969,0.317
206,1969,0.114
207,1969,-0.215
208,1969,0.492
209,1969,0.058
210,1969,0.058
211,1969,0.058
212,1969,0.205
213,1969,0.121
214,1969,0.121
215,1969,0.447
216,1969,-0.216
217,1969,-0.267
218,1969,0.436
219,1969,0.155
220,1969,0.155
221,1969,0.079
222,1969,0.491
223,1969,0.556
224,1969,-0.205
225,1969,0.229
226,1969,0.301
227,1969,-0.089
228,1969,0.285
229,1969,0.235
230,1969,0.21
0,1970,0.828
1,1970,0.219
2,1970,-0.114
3,1970,0.111
4,1970,-0.023
5,1970,0.187
6,1970,0.087
7,1970,0.242
8,1970,0.162
9,1970,0.225
10,1970,0.409
11,1970,0.409
12,1970,0.293
13,1970,0.072
14,1970,0.0
15,1970,-0.547
16,1970,-0.547
17,1970,-0.505
18,1970,0.253
19,1970,-0.023
20,1970,0.28
21,1970,0.28
22,1970,0.28
23,1970,-0.211
24,1970,0.355
25,1970,-0.05
26,1970,0.264
27,1970,0.264
28,1970,0.623
29,1970,0.12
30,1970,0.099
31,1970,0.1
32,1970,0.195
33,1970,0.35
34,1970,0.325
35,1970,0.736
36,1970,0.057
37,1970,0.178
38,1970,0.427
39,1970,-0.269
40,1970,0.198
41,1970,0.114
42,1970,0.144
43,1970,-0.387
44,1970,-0.387
45,1970,-0.306
46,1970,0.044
47,1970,0.08
48,1970,0.215
49,1970,0.169
50,1970,0.181
51,1970,-0.387
52,1970,-0.387
53,1970,-0.393
54,1970,0.463
55,1970,0.463
56,1970,-1.211
57,1970,0.112
58,1970,0.225
59,1970,0.027
60,1970,-0.118
61,1970,-0.079
62,1970,-0.035
63,1970,0.27
64,1970,0.27
65,1970,0.27
66,1970,0.598
67,1970,0.598
68,1970,0.185
69,1970,0.203
70,1970,-0.512
71,1970,0.146
72,1970,-0.628
73,1970,-0.105
74,1970,0.234
75,1970,0.175
76,1970,0.402
77,1970,0.402
78,1970,-0.834
79,1970,0.347
80,1970,-0.085
81,1970,0.274
82,1970,-0.284
83,1970,0.351
84,1970,0.194
85,1970,-0.096
86,1970,0.205
87,1970,0.342
88,1970,0.343
89,1970,0.345
90,1970,-0.234
91,1970,-0.146
92,1970,-0.103
93,1970,-0.506
94,1970,-0.763
95,1970,0.054
96,1970,0.171
97,1970,0.943
98,1970,0.688
99,1970,0.048
100,1970,0.038
101,1970,0.194
102,1970,-0.162
103,1970,-0.243
104,1970,-0.374
105,1970,0.189
106,1970,0.189
107,1970,0.19
108,1970,0.114
109,1970,-0.38
110,1970,-0.482
111,1970,0.497
112,1970,0.497
113,1970,-0.046
114,1970,-0.046
115,1970,0.381
116,1970,0.471
117,1970,0.316
118,1970,-0.213
119,1970,-0.553
120,1970,-0.553
121,1970,-0.553
122,1970,0.247
123,1970,0.164
124,1970,0.115
125,1970,0.115
126,1970,0.379
127,1970,-0.092
128,1970,-0.092
129,1970,0.236
130,1970,0.671
131,1970,0.363
132,1970,0.166
133,1970,-0.304
134,1970,-0.304
135,1970,-0.304
136,1970,-0.045
137,1970,-0.28
138,1970,-0.28
139,1970,0.225
140,1970,0.053
141,1970,0.243
142,1970,-0.033
143,1970,0.482
144,1970,0.482
145,1970,0.1
146,1970,-0.588
147,1970,0.516
148,1970,0.595
149,1970,-0.196
150,1970,0.037
151,1970,0.22
152,1970,0.22
153,1970,0.446
154,1970,0.446
155,1970,-0.689
156,1970,0.032
157,1970,0.635
158,1970,0.581
159,1970,0.581
160,1970,0.055
161,1970,0.198
162,1970,0.238
163,1970,-0.028
164,1970,0.198
165,1970,0.376
166,1970,-1.284
167,1970,0.07
168,1970,0.064
169,1970,0.232
170,1970,-0.047
171,1970,-0.047
172,1970,0.186
173,1970,1.014
174,1970,0.215
175,1970,-0.119
199,1970,0.234
176,1970,0.368
177,1970,0.523
178,1970,0.523
179,1970,0.29
180,1970,0.33
181,1970,0.33
182,1970,0.33
183,1970,0.33
184,1970,0.111
185,1970,0.091
186,1970,0.363
187,1970,0.363
188,1970,0.123
189,1970,0.137
190,1970,0.225
191,1970,0.29
192,1970,0.352
193,1970,0.352
194,1970,0.215
195,1970,-0.189
196,1970,-1.096
197,1970,-0.484
198,1970,0.634
200,1970,-0.379
201,1970,-0.379
202,1970,0.206
203,1970,0.004
204,1970,0.311
205,1970,0.346
206,1970,-0.384
207,1970,0.312
208,1970,0.297
209,1970,-0.172
210,1970,-0.172
211,1970,-0.172
212,1970,0.08
213,1970,0.039
214,1970,0.039
215,1970,0.32
216,1970,-0.08
217,1970,-0.023
218,1970,0.092
219,1970,0.391
220,1970,0.391
221,1970,0.293
222,1970,0.173
223,1970,-0.042
224,1970,0.058
225,1970,0.197
226,1970,0.609
227,1970,0.161
228,1970,0.411
229,1970,0.34
230,1970,0.419
0,1971,0.628
1,1971,-0.205
2,1971,-0.208
3,1971,-0.391
4,1971,-0.449
5,1971,-0.213
6,1971,-0.383
7,1971,-0.105
8,1971,-0.195
9,1971,-0.199
10,1971,-0.289
11,1971,-0.289
12,1971,-0.216
13,1971,-0.127
14,1971,-0.034
15,1971,-0.065
16,1971,-0.065
17,1971,0.044
18,1971,-0.23
19,1971,-0.594
20,1971,-0.273
21,1971,-0.273
22,1971,-0.273
23,1971,-0.218
24,1971,-0.14
25,1971,-0.253
26,1971,-0.493
27,1971,-0.493
28,1971,-0.107
29,1971,-0.151
30,1971,-0.191
31,1971,-0.232
32,1971,-0.155
33,1971,-0.043
34,1971,-0.259
35,1971,-0.286
36,1971,-0.461
37,1971,-0.131
38,1971,-0.017
39,1971,-0.265
40,1971,-0.099
41,1971,-0.201
42,1971,-0.416
43,1971,-0.175
44,1971,-0.175
45,1971,0.035
46,1971,-0.415
47,1971,-0.547
48,1971,-0.14
49,1971,-0.083
50,1971,-0.14
51,1971,-0.485
52,1971,-0.485
53,1971,0.05
54,1971,-0.265
55,1971,-0.265
56,1971,0.265
57,1971,-0.199
58,1971,-0.199
59,1971,-0.28
60,1971,-0.557
61,1971,-0.247
62,1971,-0.255
63,1971,-0.096
64,1971,-0.096
65,1971,-0.096
66,1971,0.019
67,1971,0.019
68,1971,0.262
69,1971,-0.223
70,1971,0.242
71,1971,0.144
72,1971,-0.452
73,1971,-0.174
74,1971,-0.225
75,1971,-0.036
76,1971,-0.039
77,1971,-0.039
78,1971,0.03
79,1971,-0.118
80,1971,-0.847
81,1971,-0.229
82,1971,-0.838
83,1971,-0.39
84,1971,-0.197
85,1971,-0.105
86,1971,-0.361
87,1971,-0.138
88,1971,-0.045
89,1971,-0.477
90,1971,-0.25
91,1971,-0.247
92,1971,-0.177
93,1971,-0.064
94,1971,-0.099
95,1971,-0.487
96,1971,-0.173
97,1971,0.086
98,1971,-0.167
99,1971,0.331
100,1971,0.305
101,1971,-0.37
102,1971,-0.159
103,1971,-0.369
104,1971,-0.331
105,1971,-0.424
106,1971,-0.424
107,1971,-0.249
108,1971,-0.429
109,1971,-0.272
110,1971,-0.182
111,1971,-0.183
112,1971,-0.183
113,1971,-0.494
114,1971,-0.494
115,1971,-0.308
116,1971,-0.03
117,1971,-0.121
118,1971,-0.185
119,1971,-0.083
120,1971,-0.083
121,1971,-0.083
122,1971,-0.243
123,1971,-0.232
124,1971,-0.242
125,1971,-0.242
126,1971,-0.006
127,1971,-0.222
128,1971,-0.222
129,1971,-0.219
130,1971,-0.351
131,1971,-0.353
132,1971,-0.761
133,1971,-0.062
134,1971,-0.062
135,1971,-0.062
136,1971,-0.039
137,1971,-0.032
138,1971,-0.032
139,1971,-0.199
140,1971,-0.864
141,1971,-0.113
142,1971,-0.407
143,1971,-0.104
144,1971,-0.091
145,1971,-0.52
146,1971,0.049
147,1971,0.187
148,1971,0.675
149,1971,-0.407
150,1971,-0.124
151,1971,-0.043
152,1971,-0.043
153,1971,0.378
154,1971,0.378
155,1971,-0.074
156,1971,-0.01
157,1971,0.053
158,1971,0.213
159,1971,0.213
160,1971,-0.404
161,1971,-0.003
162,1971,-0.41
163,1971,-0.458
164,1971,-0.345
165,1971,0.064
166,1971,0.137
167,1971,-0.897
168,1971,-0.247
169,1971,-0.158
170,1971,-0.022
171,1971,-0.022
172,1971,-0.262
173,1971,0.335
174,1971,-0.418
175,1971,-0.156
199,1971,-0.061
176,1971,-0.438
177,1971,-0.059
178,1971,-0.059
179,1971,-0.43
180,1971,-0.169
181,1971,-0.169
182,1971,-0.169
183,1971,-0.169
184,1971,-0.159
185,1971,-0.261
186,1971,-0.166
187,1971,-0.166
188,1971,-0.754
189,1971,-0.321
190,1971,-0.199
191,1971,-0.298
192,1971,-0.388
193,1971,-0.388
194,1971,-0.48
195,1971,-1.309
196,1971,0.035
197,1971,-0.069
198,1971,-0.191
200,1971,-0.28
201,1971,-0.28
202,1971,-0.262
203,1971,-0.48
204,1971,0.117
205,1971,-0.168
206,1971,-0.36
207,1971,0.098
208,1971,-0.417
209,1971,-0.199
210,1971,-0.199
211,1971,0.101
212,1971,-0.336
213,1971,-0.141
214,1971,-0.141
215,1971,-0.188
216,1971,0.251
217,1971,-0.415
218,1971,-0.199
219,1971,-0.33
220,1971,-0.33
221,1971,0.01
222,1971,-0.397
223,1971,-0.462
224,1971,-0.039
225,1971,-0.369
226,1971,-0.686
227,1971,-0.089
228,1971,-0.178
229,1971,-0.218
230,1971,-0.042
0,1972,-1.116
1,1972,0.0
2,1972,-0.088
3,1972,-0.356
4,1972,-0.042
5,1972,-0.623
6,1972,-0.491
7,1972,-0.044
8,1972,-0.025
9,1972,-0.092
10,1972,-0.033
11,1972,-0.033
12,1972,0.069
13,1972,-0.171
14,1972,0.089
15,1972,0.096
16,1972,0.096
17,1972,0.494
18,1972,-0.596
19,1972,-0.042
20,1972,-0.097
21,1972,-0.097
22,1972,-0.097
23,1972,0.531
24,1972,0.135
25,1972,-0.075
26,1972,0.152
27,1972,0.152
28,1972,-0.452
29,1972,0.087
30,1972,0.041
31,1972,0.034
32,1972,0.122
33,1972,0.131
34,1972,0.176
35,1972,-0.056
36,1972,0.042
37,1972,0.054
38,1972,-1.788
39,1972,0.153
40,1972,0.018
41,1972,0.203
42,1972,-0.168
43,1972,-0.124
44,1972,-0.124
45,1972,0.013
46,1972,-0.016
47,1972,-0.077
48,1972,0.072
49,1972,-0.046
50,1972,-0.091
51,1972,0.177
52,1972,0.177
53,1972,0.411
54,1972,-0.608
55,1972,-0.608
56,1972,0.295
57,1972,0.161
58,1972,-0.092
59,1972,0.046
60,1972,0.51
61,1972,-0.014
62,1972,0.45
63,1972,-0.05
64,1972,-0.05
65,1972,-0.05
66,1972,-0.375
67,1972,-0.375
68,1972,-0.153
69,1972,-0.505
70,1972,0.669
71,1972,-0.229
72,1972,0.932
73,1972,-0.331
74,1972,0.215
75,1972,-0.04
76,1972,0.316
77,1972,0.316
78,1972,-0.018
79,1972,0.068
80,1972,-0.903
81,1972,-0.186
82,1972,-1.083
83,1972,-0.211
84,1972,-0.059
85,1972,0.488
86,1972,-0.038
87,1972,0.197
88,1972,0.275
89,1972,-0.062
90,1972,0.101
91,1972,-0.177
92,1972,0.327
93,1972,0.389
94,1972,0.744
95,1972,0.004
96,1972,-0.067
97,1972,-0.943
98,1972,-0.736
99,1972,-0.279
100,1972,-0.199
101,1972,-0.521
102,1972,-0.146
103,1972,0.021
104,1972,0.228
105,1972,-0.646
106,1972,-0.646
107,1972,0.232
108,1972,-0.284
109,1972,-0.16
110,1972,-0.071
111,1972,-0.796
112,1972,-0.796
113,1972,-0.021
114,1972,-0.021
115,1972,-0.669
116,1972,-0.099
117,1972,0.031
118,1972,0.168
119,1972,0.068
120,1972,0.068
121,1972,0.068
122,1972,-0.076
123,1972,0.05
124,1972,0.042
125,1972,0.074
126,1972,0.279
127,1972,-0.235
128,1972,-0.235
129,1972,-0.089
130,1972,-0.089
131,1972,0.048
132,1972,-0.194
133,1972,0.309
134,1972,0.309
135,1972,0.309
136,1972,-0.159
137,1972,0.242
138,1972,0.242
139,1972,-0.092
140,1972,-1.35
141,1972,-0.207
142,1972,-0.011
143,1972,0.087
144,1972,-0.407
145,1972,-0.016
146,1972,-0.118
147,1972,-0.148
148,1972,0.112
149,1972,0.225
150,1972,0.305
151,1972,0.132
152,1972,-0.017
153,1972,-0.088
154,1972,-0.088
155,1972,0.939
156,1972,0.063
157,1972,-0.095
158,1972,-0.46
159,1972,-0.46
160,1972,0.037
161,1972,-0.34
162,1972,0.434
163,1972,0.276
164,1972,0.011
165,1972,-0.327
166,1972,0.481
167,1972,-0.935
168,1972,0.038
169,1972,-0.755
170,1972,0.38
171,1972,0.38
172,1972,0.106
173,1972,-1.209
174,1972,-0.093
175,1972,-0.07
199,1972,-0.018
176,1972,-0.574
177,1972,0.344
178,1972,0.344
179,1972,-0.287
180,1972,0.127
181,1972,0.127
182,1972,0.127
183,1972,0.127
184,1972,-0.364
185,1972,0.277
186,1972,0.1
187,1972,0.1
188,1972,-0.833
189,1972,-0.12
190,1972,-0.092
191,1972,-0.136
192,1972,-0.21
193,1972,-0.21
194,1972,-0.061
195,1972,2.386
196,1972,0.797
197,1972,-0.062
198,1972,-0.932
200,1972,-0.212
201,1972,-0.212
202,1972,0.035
203,1972,0.04
204,1972,-0.184
205,1972,0.186
206,1972,0.104
207,1972,-0.037
208,1972,-0.214
209,1972,-0.333
210,1972,-0.333
211,1972,0.04
212,1972,-0.097
213,1972,0.113
214,1972,0.113
215,1972,-0.805
216,1972,-0.058
217,1972,-0.261
218,1972,0.042
219,1972,0.236
220,1972,0.236
221,1972,-0.327
222,1972,-0.085
223,1972,0.023
224,1972,-0.114
225,1972,-0.516
226,1972,-1.102
227,1972,-0.265
228,1972,0.057
229,1972,-0.116
230,1972,-0.376
0,1973,0.24
1,1973,0.376
2,1973,-0.313
3,1973,-0.03
4,1973,0.357
5,1973,0.186
6,1973,0.01
7,1973,0.466
8,1973,0.249
9,1973,0.334
10,1973,-0.179
11,1973,-0.179
12,1973,0.299
13,1973,0.235
14,1973,0.834
15,1973,-0.04
16,1973,-0.04
17,1973,0.339
18,1973,-0.252
19,1973,0.155
20,1973,-0.052
21,1973,-0.052
22,1973,-0.052
23,1973,0.446
24,1973,0.621
25,1973,0.292
26,1973,0.162
27,1973,0.162
28,1973,0.617
29,1973,0.425
30,1973,0.163
31,1973,0.282
32,1973,-0.435
33,1973,0.654
34,1973,0.512
35,1973,0.2
36,1973,0.35
37,1973,0.584
38,1973,0.319
39,1973,0.341
40,1973,0.503
41,1973,0.709
42,1973,-0.151
43,1973,0.435
44,1973,0.435
45,1973,0.409
46,1973,0.353
47,1973,0.133
48,1973,0.454
49,1973,0.502
50,1973,0.481
51,1973,0.197
52,1973,0.197
53,1973,0.385
54,1973,-0.374
55,1973,-0.374
56,1973,0.675
57,1973,0.618
58,1973,0.333
59,1973,0.303
60,1973,0.041
61,1973,-0.297
62,1973,0.444
63,1973,0.489
64,1973,0.489
65,1973,0.489
66,1973,0.141
67,1973,0.141
68,1973,0.169
69,1973,0.219
70,1973,-0.053
71,1973,0.456
72,1973,1.135
73,1973,0.05
74,1973,0.39
75,1973,0.496
76,1973,0.688
77,1973,0.688
78,1973,0.185
79,1973,0.604
80,1973,-0.176
81,1973,-0.36
82,1973,-0.892
83,1973,0.048
84,1973,0.291
85,1973,0.524
86,1973,0.182
87,1973,0.597
88,1973,0.592
89,1973,0.147
90,1973,0.484
91,1973,0.025
92,1973,0.518
93,1973,-0.034
94,1973,-0.132
95,1973,0.298
96,1973,0.275
97,1973,-0.178
98,1973,-0.258
99,1973,0.351
100,1973,0.288
101,1973,-0.499
102,1973,0.022
103,1973,0.38
104,1973,0.328
105,1973,-0.532
106,1973,-0.532
107,1973,0.543
108,1973,0.148
109,1973,0.627
110,1973,0.535
111,1973,-0.259
112,1973,-0.259
113,1973,0.481
114,1973,0.481
115,1973,-0.551
116,1973,0.123
117,1973,0.508
118,1973,-0.083
119,1973,-0.033
120,1973,-0.033
121,1973,-0.033
122,1973,0.167
123,1973,0.312
124,1973,0.268
125,1973,0.432
126,1973,0.511
127,1973,0.057
128,1973,0.057
129,1973,0.267
130,1973,0.463
131,1973,-0.135
132,1973,0.207
133,1973,-0.158
134,1973,-0.158
135,1973,-0.158
136,1973,0.237
137,1973,0.697
138,1973,0.697
139,1973,0.334
140,1973,0.032
141,1973,0.244
142,1973,0.253
143,1973,0.619
144,1973,0.439
145,1973,0.159
146,1973,0.291
147,1973,0.853
148,1973,0.186
149,1973,0.381
150,1973,0.385
151,1973,0.85
152,1973,0.75
153,1973,0.758
154,1973,0.758
155,1973,0.925
156,1973,0.774
157,1973,-0.167
158,1973,0.124
159,1973,0.124
160,1973,0.127
161,1973,0.172
162,1973,0.122
163,1973,0.145
164,1973,0.294
165,1973,-0.317
166,1973,0.422
167,1973,-0.093
168,1973,0.239
169,1973,-0.253
170,1973,-0.223
171,1973,-0.223
172,1973,0.5
173,1973,-0.749
174,1973,0.196
175,1973,-0.005
199,1973,0.486
176,1973,-0.249
177,1973,0.714
178,1973,0.714
179,1973,0.239
180,1973,0.481
181,1973,0.481
182,1973,0.481
183,1973,0.481
184,1973,0.169
185,1973,0.577
186,1973,0.336
187,1973,0.336
188,1973,-0.171
189,1973,0.377
190,1973,0.334
191,1973,0.12
192,1973,0.048
193,1973,0.048
194,1973,0.102
195,1973,0.531
196,1973,1.146
197,1973,-0.06
198,1973,-0.427
200,1973,0.439
201,1973,0.439
202,1973,0.335
203,1973,0.355
204,1973,0.638
205,1973,0.589
206,1973,0.099
207,1973,0.456
208,1973,0.044
209,1973,-0.103
210,1973,-0.103
211,1973,0.312
212,1973,0.174
213,1973,0.387
214,1973,0.387
215,1973,-0.305
216,1973,0.201
217,1973,-0.028
218,1973,0.176
219,1973,-0.134
220,1973,-0.134
221,1973,0.537
222,1973,0.325
223,1973,0.447
224,1973,0.366
225,1973,-0.5
226,1973,0.01
227,1973,0.269
228,1973,0.265
229,1973,0.347
230,1973,0.618
0,1974,-0.484
1,1974,-0.235
2,1974,-0.147
3,1974,-0.506
4,1974,-0.271
5,1974,-0.35
6,1974,-0.372
7,1974,-0.163
8,1974,-0.249
9,1974,-0.22
10,1974,-0.151
11,1974,-0.151
12,1974,-0.427
13,1974,-0.14
14,1974,-0.354
15,1974,0.305
16,1974,0.305
17,1974,0.118
18,1974,-0.23
19,1974,-0.146
20,1974,-0.393
21,1974,-0.393
22,1974,-0.393
23,1974,0.141
24,1974,0.048
25,1974,0.132
26,1974,-0.161
27,1974,-0.161
28,1974,-0.736
29,1974,-0.195
30,1974,-0.279
31,1974,-0.195
32,1974,-0.208
33,1974,-0.092
34,1974,0.074
35,1974,-0.577
36,1974,-0.332
37,1974,-0.065
38,1974,-0.836
39,1974,0.465
40,1974,-0.107
41,1974,-0.035
42,1974,-0.256
43,1974,-0.334
44,1974,-0.334
45,1974,-0.008
46,1974,-0.314
47,1974,-0.378
48,1974,-0.089
49,1974,-0.071
50,1974,-0.115
51,1974,-0.233
52,1974,-0.233
53,1974,0.066
54,1974,-0.199
55,1974,-0.199
56,1974,0.581
57,1974,-0.183
58,1974,-0.219
59,1974,-0.471
60,1974,-0.332
61,1974,-0.123
62,1974,-0.222
63,1974,-0.14
64,1974,-0.14
65,1974,-0.14
66,1974,-0.218
67,1974,-0.218
68,1974,0.015
69,1974,0.211
70,1974,0.497
71,1974,0.197
72,1974,1.113
73,1974,-0.086
74,1974,-0.262
75,1974,-0.052
76,1974,-0.214
77,1974,-0.214
78,1974,0.315
79,1974,0.031
80,1974,-0.435
81,1974,-0.191
82,1974,0.418
83,1974,-0.465
84,1974,-0.234
85,1974,-0.212
86,1974,-0.341
87,1974,-0.058
88,1974,-0.143
89,1974,-0.31
90,1974,0.011
91,1974,-0.202
92,1974,-0.239
93,1974,0.261
94,1974,0.488
95,1974,0.013
96,1974,-0.13
97,1974,-0.657
98,1974,-0.461
99,1974,-0.222
100,1974,-0.207
101,1974,-0.282
102,1974,-0.12
103,1974,0.146
104,1974,-0.484
105,1974,-0.369
106,1974,-0.369
107,1974,-0.05
108,1974,-0.144
109,1974,-0.464
110,1974,-0.782
111,1974,-0.376
112,1974,-0.376
113,1974,-0.418
114,1974,-0.418
115,1974,-0.253
116,1974,-0.11
117,1974,0.019
118,1974,-0.087
119,1974,0.168
120,1974,0.168
121,1974,0.168
122,1974,-0.289
123,1974,-0.292
124,1974,-0.217
125,1974,-0.283
126,1974,-0.438
127,1974,-0.191
128,1974,-0.191
129,1974,-0.253
130,1974,-0.714
131,1974,-0.768
132,1974,-0.48
133,1974,-0.075
134,1974,-0.075
135,1974,-0.075
136,1974,-0.11
137,1974,0.203
138,1974,0.203
139,1974,-0.22
140,1974,-0.478
141,1974,-0.303
142,1974,-0.264
143,1974,-0.73
144,1974,0.342
145,1974,0.168
146,1974,0.231
147,1974,0.348
148,1974,0.363
149,1974,-0.218
150,1974,-0.049
151,1974,0.122
152,1974,0.266
153,1974,0.266
154,1974,0.266
155,1974,0.972
156,1974,-0.307
157,1974,-0.133
158,1974,-0.163
159,1974,-0.163
160,1974,-0.401
161,1974,0.0
162,1974,-0.226
163,1974,-0.301
164,1974,-0.062
165,1974,0.032
166,1974,0.494
167,1974,-0.478
168,1974,-0.337
169,1974,-0.309
170,1974,-0.1
171,1974,-0.1
172,1974,-0.002
173,1974,-0.914
174,1974,-0.419
175,1974,-0.053
199,1974,-0.085
176,1974,-0.213
177,1974,-0.445
178,1974,-0.445
179,1974,-0.437
180,1974,-0.03
181,1974,-0.03
182,1974,-0.03
183,1974,-0.03
184,1974,0.075
185,1974,0.018
186,1974,-0.262
187,1974,-0.262
188,1974,-0.447
189,1974,-0.314
190,1974,-0.22
191,1974,-0.365
192,1974,-0.467
193,1974,-0.467
194,1974,-0.325
195,1974,1.597
196,1974,0.935
197,1974,0.09
198,1974,-0.207
200,1974,-0.417
201,1974,-0.417
202,1974,-0.148
203,1974,-0.474
204,1974,-0.394
205,1974,-0.048
206,1974,-0.279
207,1974,0.111
208,1974,-0.419
209,1974,-0.31
210,1974,-0.31
211,1974,0.144
212,1974,-0.328
213,1974,-0.097
214,1974,-0.097
215,1974,-0.409
216,1974,-0.064
217,1974,0.089
218,1974,-0.284
219,1974,-0.064
220,1974,-0.064
221,1974,0.186
222,1974,-0.285
223,1974,-0.398
224,1974,0.13
225,1974,-0.28
226,1974,-0.571
227,1974,-0.21
228,1974,-0.151
229,1974,-0.427
230,1974,-0.479
0,1975,-0.469
1,1975,-0.237
2,1975,-0.223
3,1975,-0.57
4,1975,-0.08
5,1975,-0.081
6,1975,0.23
7,1975,-0.034
8,1975,-0.232
9,1975,-0.255
10,1975,-0.068
11,1975,-0.068
12,1975,-0.136
13,1975,0.007
14,1975,0.05
15,1975,0.853
16,1975,0.853
17,1975,0.502
18,1975,-0.186
19,1975,-0.076
20,1975,-0.593
21,1975,-0.593
22,1975,-0.593
23,1975,0.144
24,1975,-0.26
25,1975,0.097
26,1975,-0.072
27,1975,-0.072
28,1975,-0.229
29,1975,-0.156
30,1975,-0.21
31,1975,0.016
32,1975,0.38
33,1975,-0.355
34,1975,-0.355
35,1975,-0.355
36,1975,-0.039
37,1975,-0.196
38,1975,0.236
39,1975,1.049
40,1975,-0.088
41,1975,-0.177
42,1975,-0.216
43,1975,0.167
44,1975,0.167
45,1975,0.275
46,1975,-0.285
47,1975,-0.175
48,1975,-0.109
49,1975,-0.135
50,1975,-0.131
51,1975,-0.19
52,1975,-0.19
53,1975,0.505
54,1975,-0.233
55,1975,-0.233
56,1975,1.338
57,1975,0.077
58,1975,-0.255
59,1975,-0.049
60,1975,-0.471
61,1975,-0.486
62,1975,0.132
63,1975,-0.152
64,1975,-0.152
65,1975,-0.152
66,1975,-0.368
67,1975,-0.368
68,1975,0.839
69,1975,0.128
70,1975,-0.028
71,1975,0.199
72,1975,1.884
73,1975,0.475
74,1975,-0.162
75,1975,-0.111
76,1975,-0.168
77,1975,-0.168
78,1975,1.096
79,1975,-0.181
80,1975,-0.205
81,1975,-0.252
82,1975,-1.092
83,1975,-0.465
84,1975,-0.244
85,1975,0.236
86,1975,-0.302
87,1975,-0.232
88,1975,-0.188
89,1975,-0.304
90,1975,0.347
91,1975,-0.131
92,1975,0.105
93,1975,0.859
94,1975,-0.448
95,1975,-0.323
96,1975,-0.114
97,1975,-0.194
98,1975,-0.254
99,1975,0.697
100,1975,0.691
101,1975,-0.439
102,1975,0.068
103,1975,0.246
104,1975,0.043
105,1975,-0.574
106,1975,-0.574
107,1975,-0.006
108,1975,-0.234
109,1975,0.92
110,1975,0.591
111,1975,-0.271
112,1975,-0.271
113,1975,0.223
114,1975,0.223
115,1975,-0.283
116,1975,-0.151
117,1975,-0.113
118,1975,-0.497
119,1975,0.677
120,1975,0.677
121,1975,0.677
122,1975,-0.237
123,1975,-0.123
124,1975,-0.02
125,1975,-0.494
126,1975,-0.472
127,1975,-0.324
128,1975,-0.324
129,1975,-0.325
130,1975,-0.346
131,1975,-0.202
132,1975,-0.06
133,1975,-0.312
134,1975,-0.312
135,1975,-0.312
136,1975,0.165
137,1975,0.501
138,1975,0.501
139,1975,-0.255
140,1975,-0.257
141,1975,-0.167
142,1975,0.118
143,1975,-0.007
144,1975,0.226
145,1975,-0.072
146,1975,1.036
147,1975,0.286
148,1975,0.588
149,1975,0.013
150,1975,-0.476
151,1975,-0.277
152,1975,0.095
153,1975,0.095
154,1975,0.095
155,1975,1.065
156,1975,0.066
157,1975,-0.221
158,1975,-0.581
159,1975,-0.581
160,1975,-0.327
161,1975,0.019
162,1975,-0.024
163,1975,-0.261
164,1975,0.07
165,1975,0.127
166,1975,1.49
167,1975,-0.126
168,1975,-0.134
169,1975,-0.23
170,1975,0.802
171,1975,0.802
172,1975,0.802
173,1975,-0.662
174,1975,-0.238
175,1975,0.238
199,1975,-0.092
176,1975,-0.351
177,1975,-0.236
178,1975,-0.236
179,1975,-0.233
180,1975,-0.123
181,1975,-0.123
182,1975,-0.123
183,1975,-0.123
184,1975,0.025
185,1975,0.048
186,1975,-0.151
187,1975,-0.151
188,1975,-0.102
189,1975,-0.232
190,1975,-0.255
191,1975,-0.437
192,1975,-0.466
193,1975,-0.466
194,1975,-0.383
195,1975,0.413
196,1975,1.573
197,1975,0.618
198,1975,-0.207
200,1975,0.175
201,1975,0.175
202,1975,-0.046
203,1975,0.073
204,1975,-0.412
205,1975,-0.184
206,1975,-0.293
207,1975,0.071
208,1975,-0.438
209,1975,-0.308
210,1975,-0.308
211,1975,0.462
212,1975,0.462
213,1975,0.009
214,1975,0.009
215,1975,-0.256
216,1975,0.603
217,1975,-0.371
218,1975,-0.198
219,1975,0.01
220,1975,0.01
221,1975,0.107
222,1975,-0.283
223,1975,0.167
224,1975,-0.019
225,1975,-0.437
226,1975,-0.231
227,1975,0.091
228,1975,-0.083
229,1975,-0.155
230,1975,-0.258
0,1976,-0.292
1,1976,-0.259
2,1976,-0.698
3,1976,-0.816
4,1976,-0.139
5,1976,-0.108
6,1976,-0.052
7,1976,-0.331
8,1976,-0.296
9,1976,-0.294
10,1976,-0.376
11,1976,-0.376
12,1976,-0.376
13,1976,-0.341
14,1976,-0.516
15,1976,0.21
16,1976,0.21
17,1976,-0.21
18,1976,-0.466
19,1976,-0.081
20,1976,-0.449
21,1976,-0.449
22,1976,-0.449
23,1976,-0.394
24,1976,-0.182
25,1976,-0.048
26,1976,-0.183
27,1976,-0.183
28,1976,-0.706
29,1976,-0.192
30,1976,-0.297
31,1976,-0.141
32,1976,-0.847
33,1976,-0.339
34,1976,-0.339
35,1976,-0.341
36,1976,-0.459
37,1976,-0.162
38,1976,0.092
39,1976,0.022
40,1976,-0.144
41,1976,0.225
42,1976,-0.377
43,1976,-0.764
44,1976,-0.764
45,1976,-0.395
46,1976,-0.202
47,1976,-0.104
48,1976,-0.187
49,1976,-0.244
50,1976,-0.138
51,1976,0.121
52,1976,0.121
53,1976,-0.203
54,1976,-0.746
55,1976,-0.746
56,1976,0.3
57,1976,-0.063
58,1976,-0.293
59,1976,-0.373
60,1976,0.141
61,1976,-0.28
62,1976,-0.086
63,1976,-0.309
64,1976,-0.309
65,1976,-0.309
66,1976,-0.393
67,1976,-0.393
68,1976,-0.562
69,1976,-0.223
70,1976,0.504
71,1976,-0.009
72,1976,-0.884
73,1976,0.362
74,1976,-0.17
75,1976,-0.314
76,1976,-0.044
77,1976,-0.044
78,1976,0.466
79,1976,-0.317
80,1976,-0.492
81,1976,-0.913
82,1976,-0.35
83,1976,-0.103
84,1976,-0.294
85,1976,-0.279
86,1976,-0.155
87,1976,-0.224
88,1976,-0.096
89,1976,-0.275
90,1976,-0.334
91,1976,-0.402
92,1976,-0.117
93,1976,-0.271
94,1976,0.331
95,1976,-0.046
96,1976,0.002
97,1976,-0.509
98,1976,-0.805
99,1976,0.551
100,1976,0.657
101,1976,-0.603
102,1976,-0.325
103,1976,-0.344
104,1976,-0.507
105,1976,-0.781
106,1976,-0.781
107,1976,0.217
108,1976,-0.235
109,1976,-0.32
110,1976,-0.473
111,1976,-0.679
112,1976,-0.679
113,1976,-0.572
114,1976,-0.572
115,1976,-0.711
116,1976,-0.43
117,1976,-0.193
118,1976,-0.573
119,1976,0.292
120,1976,0.292
121,1976,0.292
122,1976,0.023
123,1976,-0.068
124,1976,-0.218
125,1976,-0.165
126,1976,-0.375
127,1976,-0.641
128,1976,-0.641
129,1976,-0.339
130,1976,-0.609
131,1976,-0.043
132,1976,-0.043
133,1976,-0.469
134,1976,-0.469
135,1976,-0.469
136,1976,0.007
137,1976,-0.188
138,1976,-0.188
139,1976,-0.294
140,1976,-0.858
141,1976,-0.144
142,1976,-0.392
143,1976,-0.567
144,1976,-0.289
145,1976,0.002
146,1976,0.712
147,1976,0.157
148,1976,-0.511
149,1976,-0.066
150,1976,0.23
151,1976,0.056
152,1976,0.421
153,1976,-0.179
154,1976,-0.179
155,1976,-0.035
156,1976,-0.501
157,1976,0.224
158,1976,-0.291
159,1976,-0.291
160,1976,-0.013
161,1976,-0.336
162,1976,-0.347
163,1976,-0.118
164,1976,-0.142
165,1976,-0.236
166,1976,-0.291
167,1976,-0.396
168,1976,-0.336
169,1976,-0.48
170,1976,-0.813
171,1976,-0.813
172,1976,-0.813
173,1976,-0.09
174,1976,-0.36
175,1976,-0.437
199,1976,-0.328
176,1976,-0.437
177,1976,-0.065
178,1976,-0.065
179,1976,-0.239
180,1976,-0.231
181,1976,-0.231
182,1976,-0.231
183,1976,-0.231
184,1976,-0.084
185,1976,0.238
186,1976,-0.514
187,1976,-0.514
188,1976,-0.386
189,1976,-0.166
190,1976,-0.294
191,1976,-0.275
192,1976,-0.098
193,1976,-0.098
194,1976,-0.064
195,1976,0.923
196,1976,-0.108
197,1976,0.365
198,1976,-0.87
200,1976,-0.611
201,1976,-0.611
202,1976,-0.017
203,1976,-0.543
204,1976,-0.054
205,1976,-0.247
206,1976,0.186
207,1976,-0.179
208,1976,-0.2
209,1976,-0.685
210,1976,-0.685
211,1976,-0.146
212,1976,-0.066
213,1976,0.094
214,1976,0.094
215,1976,-0.459
216,1976,0.729
217,1976,-0.118
218,1976,-0.303
219,1976,-0.349
220,1976,-0.349
221,1976,0.066
222,1976,-0.359
223,1976,-0.57
224,1976,-0.116
225,1976,-0.599
226,1976,-1.01
227,1976,-0.299
228,1976,-0.202
229,1976,-0.34
230,1976,-0.431
0,1977,0.478
1,1977,0.233
2,1977,0.526
3,1977,0.539
4,1977,0.187
5,1977,0.575
6,1977,-0.095
7,1977,0.251
8,1977,0.276
9,1977,0.284
10,1977,0.36
11,1977,0.36
12,1977,0.36
13,1977,0.085
14,1977,0.176
15,1977,0.494
16,1977,0.494
17,1977,0.115
18,1977,0.371
19,1977,-0.242
20,1977,-0.056
21,1977,-0.056
22,1977,-0.056
23,1977,0.119
24,1977,0.379
25,1977,-0.045
26,1977,0.347
27,1977,0.347
28,1977,0.306
29,1977,0.246
30,1977,0.268
31,1977,0.062
32,1977,0.555
33,1977,0.264
34,1977,0.264
35,1977,0.264
36,1977,0.027
37,1977,0.331
38,1977,1.088
39,1977,0.43
40,1977,0.268
41,1977,-0.059
42,1977,0.232
43,1977,0.169
44,1977,0.169
45,1977,-0.06
46,1977,0.279
47,1977,0.415
48,1977,0.246
49,1977,0.231
50,1977,0.351
51,1977,0.431
52,1977,0.431
53,1977,0.152
54,1977,0.11
55,1977,0.11
56,1977,-0.016
57,1977,0.166
58,1977,0.285
59,1977,0.325
60,1977,0.208
61,1977,-0.136
62,1977,0.581
63,1977,0.201
64,1977,0.201
65,1977,0.201
66,1977,0.343
67,1977,0.343
68,1977,0.186
69,1977,-0.089
70,1977,-0.315
71,1977,-0.087
72,1977,-0.236
73,1977,0.014
74,1977,0.304
75,1977,0.199
76,1977,0.532
77,1977,0.532
78,1977,0.281
79,1977,0.34
80,1977,-0.186
81,1977,0.338
82,1977,1.001
83,1977,-0.047
84,1977,0.28
85,1977,0.33
86,1977,0.119
87,1977,0.229
88,1977,0.399
89,1977,0.095
90,1977,0.27
91,1977,0.306
92,1977,0.44
93,1977,0.552
94,1977,-0.291
95,1977,0.127
96,1977,0.099
97,1977,0.409
98,1977,0.285
99,1977,-0.293
100,1977,-0.346
101,1977,-0.018
102,1977,0.28
103,1977,0.28
104,1977,-0.154
105,1977,-0.023
106,1977,-0.023
107,1977,0.179
108,1977,0.125
109,1977,0.169
110,1977,0.128
111,1977,0.328
112,1977,0.328
113,1977,-0.084
114,1977,-0.084
115,1977,0.056
116,1977,0.289
117,1977,0.281
118,1977,0.269
119,1977,0.269
120,1977,0.269
121,1977,0.269
122,1977,0.336
123,1977,0.514
124,1977,0.071
125,1977,-0.041
126,1977,0.367
127,1977,0.374
128,1977,0.374
129,1977,0.216
130,1977,0.591
131,1977,0.385
132,1977,0.385
133,1977,0.027
134,1977,0.027
135,1977,0.027
136,1977,-0.043
137,1977,0.085
138,1977,0.085
139,1977,0.284
140,1977,0.044
141,1977,0.468
142,1977,-0.076
143,1977,0.147
144,1977,-0.553
145,1977,-0.041
146,1977,0.161
147,1977,-0.096
148,1977,-0.387
149,1977,0.475
150,1977,-0.402
151,1977,0.319
152,1977,0.262
153,1977,-0.246
154,1977,-0.246
155,1977,-0.549
156,1977,0.141
157,1977,0.545
158,1977,0.239
159,1977,0.239
160,1977,0.309
161,1977,-0.118
162,1977,0.782
163,1977,0.269
164,1977,0.284
165,1977,-0.565
166,1977,0.43
167,1977,-0.308
168,1977,0.24
169,1977,0.375
170,1977,0.532
171,1977,0.532
172,1977,0.532
173,1977,-0.103
174,1977,0.007
175,1977,0.331
199,1977,0.22
176,1977,0.163
177,1977,0.569
178,1977,0.569
179,1977,0.154
180,1977,0.166
181,1977,0.166
182,1977,0.166
183,1977,0.166
184,1977,0.224
185,1977,0.378
186,1977,0.168
187,1977,0.168
188,1977,-0.181
189,1977,-0.014
190,1977,0.284
191,1977,0.054
192,1977,-0.051
193,1977,-0.051
194,1977,0.178
195,1977,-0.274
196,1977,-0.468
197,1977,0.17
198,1977,0.169
200,1977,0.156
201,1977,0.156
202,1977,0.286
203,1977,0.047
204,1977,0.047
205,1977,0.429
206,1977,0.258
207,1977,-0.025
208,1977,0.022
209,1977,0.644
210,1977,0.644
211,1977,0.389
212,1977,-0.068
213,1977,0.23
214,1977,0.23
215,1977,0.459
216,1977,-0.325
217,1977,0.39
218,1977,0.262
219,1977,0.47
220,1977,0.47
221,1977,-0.041
222,1977,0.33
223,1977,-0.126
224,1977,-0.137
225,1977,-0.023
226,1977,0.055
227,1977,0.302
228,1977,0.239
229,1977,0.48
230,1977,0.443
0,1978,0.028
1,1978,0.076
2,1978,-0.824
3,1978,0.054
4,1978,0.124
5,1978,-0.14
6,1978,-0.158
7,1978,0.028
8,1978,0.367
9,1978,0.339
10,1978,0.286
11,1978,0.286
12,1978,0.595
13,1978,0.144
14,1978,0.078
15,1978,-0.477
16,1978,-0.477
17,1978,0.172
18,1978,0.142
19,1978,-0.203
20,1978,0.248
21,1978,0.248
22,1978,0.248
23,1978,0.002
24,1978,-0.01
25,1978,-0.24
26,1978,0.398
27,1978,0.398
28,1978,-0.043
29,1978,0.014
30,1978,0.396
31,1978,0.122
32,1978,-0.717
33,1978,0.211
34,1978,0.211
35,1978,0.282
36,1978,0.203
37,1978,0.053
38,1978,-0.6
39,1978,0.186
40,1978,0.08
41,1978,-0.136
42,1978,0.234
43,1978,0.012
44,1978,0.012
45,1978,0.239
46,1978,0.163
47,1978,0.139
48,1978,0.119
49,1978,0.091
50,1978,0.297
51,1978,0.257
52,1978,0.257
53,1978,0.033
54,1978,-0.041
55,1978,-0.041
56,1978,0.146
57,1978,0.179
58,1978,0.34
59,1978,0.292
60,1978,0.096
61,1978,-0.285
62,1978,0.264
63,1978,-0.004
64,1978,-0.004
65,1978,-0.004
66,1978,0.237
67,1978,0.237
68,1978,-0.169
69,1978,0.228
70,1978,-0.115
71,1978,-0.056
72,1978,-0.533
73,1978,-0.218
74,1978,-0.03
75,1978,0.08
76,1978,0.445
77,1978,0.445
78,1978,-0.174
79,1978,0.12
80,1978,0.184
81,1978,-0.547
82,1978,-0.677
83,1978,0.086
84,1978,0.354
85,1978,0.23
86,1978,0.15
87,1978,0.218
88,1978,0.324
89,1978,0.022
90,1978,0.053
91,1978,-0.631
92,1978,0.235
93,1978,-0.869
94,1978,-0.002
95,1978,-0.176
96,1978,0.066
97,1978,0.282
98,1978,0.108
99,1978,0.243
100,1978,0.2
101,1978,-0.101
102,1978,-0.544
103,1978,-0.544
104,1978,0.234
105,1978,-0.031
106,1978,-0.031
107,1978,-0.009
108,1978,0.225
109,1978,0.693
110,1978,0.803
111,1978,0.0
112,1978,0.0
113,1978,0.075
114,1978,0.075
115,1978,-0.008
116,1978,0.138
117,1978,0.213
118,1978,-0.272
119,1978,-0.345
120,1978,-0.345
121,1978,-0.345
122,1978,0.476
123,1978,0.276
124,1978,0.171
125,1978,-0.179
126,1978,0.371
127,1978,-0.527
128,1978,-0.527
129,1978,0.321
130,1978,0.483
131,1978,0.118
132,1978,0.252
133,1978,0.197
134,1978,0.197
135,1978,0.197
136,1978,-0.406
137,1978,0.925
138,1978,0.925
139,1978,0.339
140,1978,0.331
141,1978,0.36
142,1978,0.069
143,1978,-0.112
144,1978,0.169
145,1978,-0.422
146,1978,-0.067
147,1978,0.04
148,1978,0.389
149,1978,0.237
150,1978,0.146
151,1978,0.037
152,1978,0.413
153,1978,-0.118
154,1978,-0.118
155,1978,-0.099
156,1978,0.091
157,1978,0.133
158,1978,-0.172
159,1978,-0.172
160,1978,0.218
161,1978,0.131
162,1978,0.723
163,1978,0.111
164,1978,0.211
165,1978,-0.105
166,1978,-0.227
167,1978,0.133
168,1978,0.379
169,1978,0.275
170,1978,-0.828
171,1978,-0.828
172,1978,-0.828
173,1978,-0.294
174,1978,0.027
175,1978,-0.597
199,1978,0.131
176,1978,-0.144
177,1978,0.513
178,1978,0.513
179,1978,0.326
180,1978,0.203
181,1978,0.203
182,1978,0.203
183,1978,0.203
184,1978,0.371
185,1978,0.025
186,1978,0.056
187,1978,0.056
188,1978,0.078
189,1978,0.04
190,1978,0.339
191,1978,0.215
192,1978,0.087
193,1978,0.087
194,1978,0.132
195,1978,-0.788
196,1978,-0.077
197,1978,-0.358
198,1978,0.154
200,1978,-0.04
201,1978,-0.04
202,1978,0.057
203,1978,0.23
204,1978,0.742
205,1978,0.023
206,1978,0.251
207,1978,0.162
208,1978,0.086
209,1978,-0.343
210,1978,-0.343
211,1978,0.843
212,1978,0.051
213,1978,0.159
214,1978,0.159
215,1978,0.102
216,1978,0.066
217,1978,0.018
218,1978,0.396
219,1978,0.074
220,1978,0.074
221,1978,0.015
222,1978,0.231
223,1978,0.011
224,1978,-0.042
225,1978,-0.104
226,1978,0.362
227,1978,-0.028
228,1978,0.141
229,1978,0.049
230,1978,-0.004
0,1979,0.335
1,1979,0.436
2,1979,0.196
3,1979,0.691
4,1979,0.372
5,1979,-0.09
6,1979,0.048
7,1979,0.284
8,1979,0.24
9,1979,0.313
10,1979,0.178
11,1979,0.178
12,1979,0.178
13,1979,0.443
14,1979,0.363
15,1979,-0.117
16,1979,-0.117
17,1979,0.231
18,1979,0.905
19,1979,0.504
20,1979,0.051
21,1979,0.051
22,1979,0.051
23,1979,0.549
24,1979,0.556
25,1979,0.384
26,1979,0.295
27,1979,0.295
28,1979,0.558
29,1979,-0.02
30,1979,0.168
31,1979,0.169
32,1979,0.154
33,1979,0.434
34,1979,0.434
35,1979,0.642
36,1979,0.392
37,1979,0.405
38,1979,-0.215
39,1979,0.128
40,1979,0.423
41,1979,0.498
42,1979,0.181
43,1979,0.025
44,1979,0.025
45,1979,0.299
46,1979,0.212
47,1979,0.11
48,1979,0.407
49,1979,0.417
50,1979,0.33
51,1979,0.195
52,1979,0.195
53,1979,0.342
54,1979,0.593
55,1979,0.593
56,1979,-1.186
57,1979,0.031
58,1979,0.31
59,1979,0.236
60,1979,0.293
61,1979,0.583
62,1979,0.572
63,1979,0.364
64,1979,0.364
65,1979,0.364
66,1979,0.275
67,1979,0.275
68,1979,0.135
69,1979,0.644
70,1979,-0.878
71,1979,0.058
72,1979,-0.766
73,1979,-0.191
74,1979,0.145
75,1979,0.396
76,1979,0.649
77,1979,0.649
78,1979,-0.64
79,1979,0.613
80,1979,0.367
81,1979,0.185
82,1979,0.664
83,1979,0.29
84,1979,0.276
85,1979,0.439
86,1979,0.3
87,1979,0.519
88,1979,0.516
89,1979,0.341
90,1979,0.138
91,1979,0.046
92,1979,0.411
93,1979,0.05
94,1979,-1.32
95,1979,0.289
96,1979,0.182
97,1979,0.691
98,1979,1.204
99,1979,-0.701
100,1979,-0.786
101,1979,0.587
102,1979,0.008
103,1979,0.008
104,1979,0.463
105,1979,0.731
106,1979,0.731
107,1979,0.065
108,1979,0.144
109,1979,0.646
110,1979,0.612
111,1979,1.28
112,1979,1.28
113,1979,0.42
114,1979,0.42
115,1979,0.667
116,1979,0.341
117,1979,0.493
118,1979,0.179
119,1979,-0.08
120,1979,-0.08
121,1979,-0.08
122,1979,0.225
123,1979,0.107
124,1979,0.264
125,1979,0.074
126,1979,0.659
127,1979,0.117
128,1979,0.117
129,1979,0.255
130,1979,0.877
131,1979,0.143
132,1979,0.181
133,1979,-0.043
134,1979,-0.043
135,1979,-0.043
136,1979,-0.015
137,1979,0.966
138,1979,0.966
139,1979,0.313
140,1979,0.466
141,1979,0.114
142,1979,0.494
143,1979,0.385
144,1979,0.037
145,1979,0.331
146,1979,-0.902
147,1979,-0.041
148,1979,0.318
149,1979,0.255
150,1979,0.666
151,1979,0.561
152,1979,0.355
153,1979,0.015
154,1979,0.015
155,1979,-1.069
156,1979,0.344
157,1979,0.117
158,1979,-0.149
159,1979,-0.149
160,1979,0.24
161,1979,0.088
162,1979,0.18
163,1979,0.254
164,1979,0.371
165,1979,-0.397
166,1979,-0.77
167,1979,0.125
168,1979,0.182
169,1979,0.918
170,1979,0.154
171,1979,0.154
172,1979,0.154
173,1979,0.495
174,1979,0.183
175,1979,-0.003
199,1979,0.408
176,1979,0.901
177,1979,0.819
178,1979,0.819
179,1979,0.197
180,1979,0.489
181,1979,-0.064
182,1979,-0.064
183,1979,-0.064
184,1979,0.211
185,1979,-0.007
186,1979,0.32
187,1979,0.32
188,1979,0.248
189,1979,0.279
190,1979,0.313
191,1979,0.224
192,1979,0.292
193,1979,0.292
194,1979,0.255
195,1979,-1.118
196,1979,-1.095
197,1979,-0.06
198,1979,0.903
200,1979,0.015
201,1979,0.015
202,1979,-0.148
203,1979,0.536
204,1979,0.27
205,1979,0.54
206,1979,0.621
207,1979,0.247
208,1979,0.237
209,1979,0.458
210,1979,0.458
211,1979,0.187
212,1979,0.229
213,1979,0.374
214,1979,0.374
215,1979,0.487
216,1979,-0.783
217,1979,-0.328
218,1979,0.169
219,1979,0.111
220,1979,0.111
221,1979,-0.022
222,1979,0.335
223,1979,0.309
224,1979,0.117
225,1979,0.581
226,1979,0.517
227,1979,0.2
228,1979,0.407
229,1979,0.206
230,1979,0.202
0,1980,0.585
1,1980,0.368
2,1980,-0.418
3,1980,0.244
4,1980,0.362
5,1980,0.555
6,1980,-0.203
7,1980,0.273
8,1980,0.734
9,1980,0.739
10,1980,0.282
11,1980,0.282
12,1980,0.682
13,1980,0.267
14,1980,0.871
15,1980,-0.273
16,1980,-0.273
17,1980,0.339
18,1980,0.404
19,1980,0.149
20,1980,0.535
21,1980,0.535
22,1980,0.535
23,1980,0.65
24,1980,0.475
25,1980,0.061
26,1980,0.264
27,1980,0.264
28,1980,-0.012
29,1980,0.282
30,1980,0.729
31,1980,0.133
32,1980,-0.462
33,1980,0.789
34,1980,0.789
35,1980,0.678
36,1980,0.317
37,1980,0.358
38,1980,0.925
39,1980,0.488
40,1980,0.449
41,1980,0.393
42,1980,0.259
43,1980,0.259
44,1980,0.259
45,1980,0.254
46,1980,0.483
47,1980,0.15
48,1980,0.287
49,1980,0.304
50,1980,0.448
51,1980,0.472
52,1980,0.472
53,1980,0.466
54,1980,-0.308
55,1980,-0.308
56,1980,-0.436
57,1980,0.838
58,1980,0.735
59,1980,0.763
60,1980,0.3
61,1980,-0.096
62,1980,0.572
63,1980,0.319
64,1980,0.319
65,1980,0.319
66,1980,-0.086
67,1980,-0.086
68,1980,-0.068
69,1980,0.186
70,1980,0.024
71,1980,0.065
72,1980,-0.392
73,1980,-0.222
74,1980,0.271
75,1980,0.323
76,1980,0.844
77,1980,0.844
78,1980,-0.186
79,1980,0.502
80,1980,0.272
81,1980,-0.375
82,1980,1.062
83,1980,0.318
84,1980,0.735
85,1980,0.578
86,1980,0.397
87,1980,0.677
88,1980,0.68
89,1980,0.38
90,1980,0.6
91,1980,-0.596
92,1980,0.472
93,1980,-0.617
94,1980,0.323
95,1980,0.388
96,1980,0.188
97,1980,0.472
98,1980,-0.01
99,1980,-0.073
100,1980,-0.042
101,1980,-0.222
102,1980,-0.432
103,1980,0.667
104,1980,-0.205
105,1980,-0.144
106,1980,-0.144
107,1980,0.668
108,1980,0.189
109,1980,0.01
110,1980,-0.445
111,1980,0.42
112,1980,0.42
113,1980,0.404
114,1980,0.404
115,1980,-0.254
116,1980,0.214
117,1980,0.364
118,1980,-0.076
119,1980,-0.155
120,1980,-0.155
121,1980,-0.155
122,1980,0.278
123,1980,0.246
124,1980,0.137
125,1980,0.174
126,1980,0.972
127,1980,-0.411
128,1980,-0.411
129,1980,0.714
130,1980,0.784
131,1980,0.184
132,1980,0.31
133,1980,0.4
134,1980,0.4
135,1980,0.4
136,1980,-0.348
137,1980,0.5
138,1980,0.5
139,1980,0.739
140,1980,0.55
141,1980,0.088
142,1980,0.267
143,1980,0.222
144,1980,-0.165
145,1980,0.18
146,1980,0.011
147,1980,0.166
148,1980,0.009
149,1980,0.447
150,1980,0.459
151,1980,0.4
152,1980,0.279
153,1980,-0.032
154,1980,-0.032
155,1980,-0.311
156,1980,0.795
157,1980,-0.032
158,1980,0.336
159,1980,0.336
160,1980,0.49
161,1980,0.104
162,1980,0.234
163,1980,0.373
164,1980,0.175
165,1980,-0.057
166,1980,-0.753
167,1980,0.235
168,1980,0.719
169,1980,0.567
170,1980,-0.64
171,1980,-0.64
172,1980,-0.64
173,1980,-0.175
174,1980,0.237
175,1980,-0.459
199,1980,0.287
176,1980,0.043
177,1980,0.957
178,1980,0.957
179,1980,0.229
180,1980,0.359
181,1980,0.105
182,1980,0.105
183,1980,0.105
184,1980,0.143
185,1980,0.812
186,1980,0.236
187,1980,0.236
188,1980,0.15
189,1980,0.355
190,1980,0.739
191,1980,0.531
192,1980,0.32
193,1980,0.32
194,1980,0.352
195,1980,-0.12
196,1980,-0.574
197,1980,-0.189
198,1980,-0.191
200,1980,0.261
201,1980,0.261
202,1980,0.399
203,1980,0.448
204,1980,0.333
205,1980,0.545
206,1980,0.419
207,1980,0.212
208,1980,0.26
209,1980,-0.166
210,1980,-0.166
211,1980,0.391
212,1980,0.271
213,1980,0.728
214,1980,0.728
215,1980,0.457
216,1980,-0.024
217,1980,0.413
218,1980,0.727
219,1980,0.539
220,1980,0.539
221,1980,-0.011
222,1980,0.517
223,1980,0.26
224,1980,0.091
225,1980,-0.227
226,1980,0.411
227,1980,0.35
228,1980,0.737
229,1980,0.128
230,1980,-0.007
0,1981,0.479
1,1981,0.111
2,1981,-0.351
3,1981,0.218
4,1981,0.19
5,1981,0.798
6,1981,0.165
7,1981,-0.001
8,1981,0.698
9,1981,0.674
10,1981,0.285
11,1981,0.285
12,1981,0.438
13,1981,0.199
14,1981,0.472
15,1981,0.272
16,1981,0.272
17,1981,-0.201
18,1981,0.461
19,1981,-0.134
20,1981,0.337
21,1981,0.337
22,1981,0.337
23,1981,0.161
24,1981,0.26
25,1981,0.205
26,1981,0.225
27,1981,0.225
28,1981,-0.394
29,1981,0.158
30,1981,0.721
31,1981,0.074
32,1981,-0.056
33,1981,0.27
34,1981,0.27
35,1981,0.511
36,1981,0.256
37,1981,0.04
38,1981,1.563
39,1981,-0.094
40,1981,-0.064
41,1981,0.125
42,1981,0.263
43,1981,0.386
44,1981,0.386
45,1981,0.222
46,1981,0.184
47,1981,0.035
48,1981,0.12
49,1981,-0.149
50,1981,0.271
51,1981,0.193
52,1981,0.193
53,1981,-0.029
54,1981,0.073
55,1981,0.073
56,1981,0.304
57,1981,0.155
58,1981,0.675
59,1981,0.596
60,1981,-0.176
61,1981,-0.267
62,1981,0.194
63,1981,0.105
64,1981,0.105
65,1981,0.105
66,1981,-0.382
67,1981,-0.382
68,1981,0.66
69,1981,0.186
70,1981,-0.39
71,1981,0.038
72,1981,-0.25
73,1981,0.092
74,1981,0.146
75,1981,-0.101
76,1981,0.641
77,1981,0.641
78,1981,0.297
79,1981,0.241
80,1981,0.317
81,1981,-0.188
82,1981,-0.288
83,1981,0.334
84,1981,0.686
85,1981,0.133
86,1981,0.406
87,1981,0.374
88,1981,0.486
89,1981,0.291
90,1981,0.679
91,1981,-0.522
92,1981,0.18
93,1981,0.147
94,1981,-0.98
95,1981,0.059
96,1981,0.127
97,1981,0.673
98,1981,0.242
99,1981,0.36
100,1981,0.28
101,1981,-0.241
102,1981,-0.294
103,1981,0.743
104,1981,-0.633
105,1981,-0.198
106,1981,-0.198
107,1981,0.274
108,1981,0.252
109,1981,-0.587
110,1981,-0.739
111,1981,0.331
112,1981,0.331
113,1981,0.37
114,1981,0.37
115,1981,-0.014
116,1981,-0.239
117,1981,0.102
118,1981,-0.024
119,1981,0.051
120,1981,0.051
121,1981,0.051
122,1981,0.062
123,1981,-0.179
124,1981,0.097
125,1981,0.071
126,1981,0.391
127,1981,-0.269
128,1981,-0.269
129,1981,0.607
130,1981,0.754
131,1981,0.053
132,1981,0.175
133,1981,0.176
134,1981,0.176
135,1981,0.176
136,1981,-0.073
137,1981,0.234
138,1981,0.234
139,1981,0.674
140,1981,0.449
141,1981,-0.198
142,1981,0.26
143,1981,0.047
144,1981,-0.04
145,1981,0.004
146,1981,0.337
147,1981,0.145
148,1981,0.429
149,1981,0.277
150,1981,-0.029
151,1981,0.201
152,1981,0.08
153,1981,0.195
154,1981,0.195
155,1981,-0.491
156,1981,0.452
157,1981,0.304
158,1981,0.204
159,1981,0.204
160,1981,0.303
161,1981,0.186
162,1981,0.477
163,1981,0.06
164,1981,0.278
165,1981,0.005
166,1981,0.444
167,1981,0.512
168,1981,0.69
169,1981,0.615
170,1981,0.042
171,1981,0.042
172,1981,0.042
173,1981,1.034
174,1981,0.035
175,1981,-0.343
199,1981,0.205
176,1981,0.059
177,1981,0.773
178,1981,0.773
179,1981,0.133
180,1981,0.194
181,1981,0.194
182,1981,0.194
183,1981,0.194
184,1981,0.432
185,1981,0.128
186,1981,-0.345
187,1981,-0.345
188,1981,0.317
189,1981,0.104
190,1981,0.674
191,1981,0.445
192,1981,0.336
193,1981,0.336
194,1981,0.386
195,1981,-1.067
196,1981,-0.233
197,1981,-0.009
198,1981,0.133
200,1981,-0.028
201,1981,-0.028
202,1981,0.315
203,1981,0.251
204,1981,0.679
205,1981,0.279
206,1981,0.358
207,1981,0.141
208,1981,0.277
209,1981,0.107
210,1981,0.107
211,1981,0.107
212,1981,0.128
213,1981,0.556
214,1981,0.556
215,1981,0.33
216,1981,0.171
217,1981,0.873
218,1981,0.719
219,1981,0.478
220,1981,0.478
221,1981,-0.039
222,1981,0.353
223,1981,0.378
224,1981,0.051
225,1981,-0.245
226,1981,0.554
227,1981,0.483
228,1981,-0.053
229,1981,-0.146
230,1981,-0.364
0,1982,-0.356
1,1982,0.23
2,1982,0.174
3,1982,0.396
4,1982,0.289
5,1982,-0.166
6,1982,1.04
7,1982,0.214
8,1982,0.286
9,1982,0.265
10,1982,0.272
11,1982,0.272
12,1982,0.387
13,1982,0.108
14,1982,0.166
15,1982,0.382
16,1982,0.382
17,1982,0.447
18,1982,-0.109
19,1982,0.014
20,1982,0.206
21,1982,0.206
22,1982,0.206
23,1982,0.778
24,1982,0.305
25,1982,-0.098
26,1982,0.308
27,1982,0.308
28,1982,0.331
29,1982,0.259
30,1982,0.306
31,1982,0.064
32,1982,-0.146
33,1982,0.172
34,1982,0.457
35,1982,0.753
36,1982,0.045
37,1982,0.019
38,1982,-0.66
39,1982,0.459
40,1982,0.121
41,1982,0.365
42,1982,0.26
43,1982,0.071
44,1982,0.071
45,1982,0.384
46,1982,0.251
47,1982,0.478
48,1982,0.146
49,1982,-0.161
50,1982,0.242
51,1982,0.535
52,1982,0.535
53,1982,0.548
54,1982,-0.341
55,1982,-0.341
56,1982,0.005
57,1982,0.242
58,1982,0.267
59,1982,0.324
60,1982,0.34
61,1982,-0.379
62,1982,0.506
63,1982,-0.089
64,1982,-0.089
65,1982,-0.089
66,1982,0.262
67,1982,0.262
68,1982,0.107
69,1982,0.107
70,1982,0.185
71,1982,0.033
72,1982,-0.165
73,1982,0.805
74,1982,0.327
75,1982,-0.33
76,1982,0.378
77,1982,0.378
78,1982,0.439
79,1982,0.219
80,1982,0.432
81,1982,-0.245
82,1982,-0.617
83,1982,0.124
84,1982,0.276
85,1982,0.593
86,1982,0.345
87,1982,0.264
88,1982,0.369
89,1982,0.306
90,1982,0.468
91,1982,0.525
92,1982,0.526
93,1982,0.105
94,1982,-0.334
95,1982,-0.021
96,1982,-0.074
97,1982,-0.138
98,1982,-0.414
99,1982,0.136
100,1982,0.063
101,1982,-0.593
102,1982,0.491
103,1982,0.419
104,1982,-0.042
105,1982,-0.733
106,1982,-0.733
107,1982,0.316
108,1982,0.22
109,1982,0.913
110,1982,0.448
111,1982,-0.223
112,1982,-0.223
113,1982,0.1
114,1982,0.1
115,1982,-0.528
116,1982,0.317
117,1982,0.184
118,1982,0.116
119,1982,0.553
120,1982,0.553
121,1982,0.553
122,1982,0.237
123,1982,-0.045
124,1982,0.064
125,1982,0.255
126,1982,0.276
127,1982,0.692
128,1982,0.692
129,1982,0.249
130,1982,0.417
131,1982,0.222
132,1982,0.497
133,1982,0.576
134,1982,0.576
135,1982,0.576
136,1982,0.539
137,1982,1.159
138,1982,1.159
139,1982,0.265
140,1982,0.435
141,1982,-0.028
142,1982,0.037
143,1982,0.372
144,1982,-0.412
145,1982,-0.063
146,1982,0.467
147,1982,0.043
148,1982,-0.061
149,1982,0.475
150,1982,0.312
151,1982,0.38
152,1982,0.291
153,1982,-0.042
154,1982,-0.042
155,1982,-0.05
156,1982,0.138
157,1982,-0.565
158,1982,-0.461
159,1982,-0.461
160,1982,0.424
161,1982,-0.189
162,1982,0.435
163,1982,0.172
164,1982,0.178
165,1982,0.101
166,1982,0.331
167,1982,0.517
168,1982,0.294
169,1982,-0.205
170,1982,-0.061
171,1982,-0.061
172,1982,0.457
173,1982,-0.439
174,1982,0.227
175,1982,0.389
199,1982,-0.017
176,1982,-0.434
177,1982,0.355
178,1982,0.355
179,1982,0.343
180,1982,0.265
181,1982,0.265
182,1982,0.265
183,1982,0.265
184,1982,-0.11
185,1982,0.425
186,1982,0.201
187,1982,0.201
188,1982,0.683
189,1982,0.102
190,1982,0.265
191,1982,0.19
192,1982,0.127
193,1982,0.127
194,1982,0.391
195,1982,-0.657
196,1982,-0.138
197,1982,0.583
198,1982,-0.55
200,1982,-0.103
201,1982,-0.103
202,1982,0.346
203,1982,0.076
204,1982,-0.479
205,1982,0.29
206,1982,0.399
207,1982,0.185
208,1982,0.051
209,1982,0.837
210,1982,0.837
211,1982,0.837
212,1982,0.005
213,1982,0.471
214,1982,0.471
215,1982,-0.474
216,1982,0.112
217,1982,-0.346
218,1982,0.304
219,1982,0.55
220,1982,0.55
221,1982,-0.111
222,1982,0.197
223,1982,0.089
224,1982,-0.046
225,1982,-0.591
226,1982,0.334
227,1982,0.046
228,1982,-0.108
229,1982,0.292
230,1982,0.13
0,1983,0.147
1,1983,0.422
2,1983,-0.12
3,1983,0.545
4,1983,0.322
5,1983,0.452
6,1983,0.837
7,1983,0.567
8,1983,0.643
9,1983,0.715
10,1983,-0.032
11,1983,-0.032
12,1983,0.719
13,1983,-0.017
14,1983,0.609
15,1983,1.06
16,1983,1.06
17,1983,0.137
18,1983,-0.871
19,1983,-0.041
20,1983,0.332
21,1983,0.332
22,1983,0.332
23,1983,0.938
24,1983,0.632
25,1983,-0.227
26,1983,0.458
27,1983,0.458
28,1983,1.01
29,1983,0.467
30,1983,0.571
31,1983,0.497
32,1983,0.38
33,1983,0.715
34,1983,0.705
35,1983,0.754
36,1983,0.417
37,1983,0.156
38,1983,0.511
39,1983,0.227
40,1983,0.336
41,1983,0.051
42,1983,0.422
43,1983,-0.18
44,1983,-0.18
45,1983,0.124
46,1983,0.684
47,1983,0.299
48,1983,0.52
49,1983,0.329
50,1983,0.451
51,1983,1.073
52,1983,1.073
53,1983,0.25
54,1983,-0.808
55,1983,-0.808
56,1983,1.067
57,1983,0.383
58,1983,0.712
59,1983,0.692
60,1983,0.842
61,1983,-1.09
62,1983,0.833
63,1983,0.152
64,1983,0.152
65,1983,0.152
66,1983,1.008
67,1983,1.008
68,1983,0.934
69,1983,0.934
70,1983,-0.317
71,1983,-0.035
72,1983,0.955
73,1983,0.712
74,1983,0.192
75,1983,0.196
76,1983,1.236
77,1983,1.236
78,1983,1.071
79,1983,0.746
80,1983,0.329
81,1983,-0.494
82,1983,-2.421
83,1983,0.38
84,1983,0.678
85,1983,0.79
86,1983,0.741
87,1983,0.699
88,1983,1.055
89,1983,0.386
90,1983,0.693
91,1983,0.189
92,1983,0.675
93,1983,0.993
94,1983,-0.935
95,1983,-0.136
96,1983,0.348
97,1983,-0.145
98,1983,-0.814
99,1983,0.388
100,1983,0.37
101,1983,-1.089
102,1983,0.365
103,1983,0.769
104,1983,0.108
105,1983,-1.116
106,1983,-1.116
107,1983,0.595
108,1983,0.17
109,1983,0.592
110,1983,0.478
111,1983,-0.697
112,1983,-0.697
113,1983,0.2
114,1983,0.2
115,1983,-0.987
116,1983,1.002
117,1983,0.443
118,1983,-0.292
119,1983,0.953
120,1983,0.953
121,1983,0.953
122,1983,0.396
123,1983,0.787
124,1983,0.493
125,1983,0.405
126,1983,0.84
127,1983,0.107
128,1983,0.107
129,1983,0.644
130,1983,1.448
131,1983,0.05
132,1983,0.261
133,1983,0.011
134,1983,0.011
135,1983,0.011
136,1983,0.472
137,1983,0.626
138,1983,0.626
139,1983,0.715
140,1983,0.73
141,1983,0.857
142,1983,0.141
143,1983,0.685
144,1983,0.685
145,1983,-0.315
146,1983,0.87
147,1983,0.551
148,1983,-0.293
149,1983,0.771
150,1983,-0.062
151,1983,0.303
152,1983,0.553
153,1983,0.269
154,1983,0.269
155,1983,0.637
156,1983,0.558
157,1983,-0.582
158,1983,-0.487
159,1983,-0.487
160,1983,0.967
161,1983,0.264
162,1983,-0.302
163,1983,1.244
164,1983,0.639
165,1983,-0.554
166,1983,1.458
167,1983,0.238
168,1983,0.614
169,1983,-0.902
170,1983,0.831
171,1983,0.831
172,1983,0.82
173,1983,0.808
174,1983,0.27
175,1983,0.411
199,1983,0.157
176,1983,-0.899
177,1983,1.275
178,1983,1.275
179,1983,0.409
180,1983,0.514
181,1983,0.22
182,1983,0.22
183,1983,0.22
184,1983,0.237
185,1983,0.557
186,1983,0.68
187,1983,0.68
188,1983,0.526
189,1983,0.602
190,1983,0.715
191,1983,0.481
192,1983,0.385
193,1983,0.385
194,1983,0.598
195,1983,0.045
196,1983,0.91
197,1983,0.873
198,1983,-0.867
200,1983,0.307
201,1983,0.307
202,1983,0.624
203,1983,0.385
204,1983,0.285
205,1983,0.764
206,1983,0.275
207,1983,0.09
208,1983,0.259
209,1983,0.259
210,1983,0.259
211,1983,0.259
212,1983,-0.065
213,1983,0.75
214,1983,0.75
215,1983,-0.829
216,1983,0.343
217,1983,0.548
218,1983,0.577
219,1983,-0.065
220,1983,-0.065
221,1983,0.095
222,1983,0.482
223,1983,-0.015
224,1983,-0.051
225,1983,-1.093
226,1983,0.735
227,1983,0.453
228,1983,0.025
229,1983,0.945
230,1983,1.176
0,1984,0.129
1,1984,0.331
2,1984,-0.267
3,1984,0.025
4,1984,0.286
5,1984,0.111
6,1984,-0.183
7,1984,0.717
8,1984,0.152
9,1984,0.113
10,1984,-0.165
11,1984,-0.165
12,1984,-0.165
13,1984,-0.131
14,1984,-0.187
15,1984,-0.25
16,1984,-0.25
17,1984,0.021
18,1984,0.007
19,1984,-0.214
20,1984,-0.009
21,1984,-0.009
22,1984,-0.009
23,1984,0.455
24,1984,0.64
25,1984,0.035
26,1984,0.28
27,1984,0.28
28,1984,0.491
29,1984,0.299
30,1984,0.192
31,1984,-0.175
32,1984,-0.031
33,1984,0.783
34,1984,0.783
35,1984,0.783
36,1984,0.061
37,1984,0.191
38,1984,0.361
39,1984,0.098
40,1984,-0.001
41,1984,0.546
42,1984,-0.183
43,1984,-0.516
44,1984,-0.516
45,1984,-0.15
46,1984,-0.165
47,1984,-0.497
48,1984,0.126
49,1984,0.133
50,1984,0.288
51,1984,0.098
52,1984,0.098
53,1984,0.231
54,1984,-0.02
55,1984,-0.02
56,1984,0.386
57,1984,-0.007
58,1984,0.111
59,1984,0.296
60,1984,-0.221
61,1984,-0.193
62,1984,0.204
63,1984,0.221
64,1984,0.221
65,1984,0.221
66,1984,0.034
67,1984,0.034
68,1984,0.272
69,1984,0.272
70,1984,0.431
71,1984,0.338
72,1984,0.751
73,1984,-0.086
74,1984,0.401
75,1984,0.187
76,1984,0.617
77,1984,0.617
78,1984,-0.11
79,1984,0.684
80,1984,-0.201
81,1984,-0.123
82,1984,-1.923
83,1984,-0.044
84,1984,0.132
85,1984,0.253
86,1984,0.035
87,1984,0.43
88,1984,0.562
89,1984,-0.295
90,1984,0.332
91,1984,-0.555
92,1984,0.215
93,1984,-0.148
94,1984,0.119
95,1984,-0.121
96,1984,-0.197
97,1984,0.087
98,1984,0.038
99,1984,0.321
100,1984,0.343
101,1984,-0.24
102,1984,-0.464
103,1984,0.298
104,1984,-0.605
105,1984,-0.277
106,1984,-0.277
107,1984,0.19
108,1984,-0.097
109,1984,-0.149
110,1984,-0.26
111,1984,0.259
112,1984,0.259
113,1984,0.008
114,1984,0.008
115,1984,-0.118
116,1984,0.345
117,1984,0.319
118,1984,-0.083
119,1984,-0.359
120,1984,-0.359
121,1984,-0.359
122,1984,-0.168
123,1984,0.211
124,1984,-0.158
125,1984,0.076
126,1984,0.591
127,1984,-0.191
128,1984,-0.191
129,1984,0.091
130,1984,0.423
131,1984,-0.539
132,1984,-0.501
133,1984,-0.115
134,1984,-0.115
135,1984,-0.115
136,1984,-0.623
137,1984,-0.329
138,1984,-0.329
139,1984,0.113
140,1984,0.222
141,1984,0.225
142,1984,0.091
143,1984,0.77
144,1984,-0.251
145,1984,0.032
146,1984,0.068
147,1984,0.164
148,1984,0.174
149,1984,0.189
150,1984,0.529
151,1984,0.838
152,1984,0.654
153,1984,0.149
154,1984,0.149
155,1984,0.537
156,1984,-0.153
157,1984,-0.537
158,1984,-0.318
159,1984,-0.318
160,1984,0.038
161,1984,0.164
162,1984,0.508
163,1984,0.211
164,1984,0.206
165,1984,0.285
166,1984,0.247
167,1984,-0.177
168,1984,0.203
169,1984,-0.012
170,1984,-0.136
171,1984,-0.136
172,1984,-0.136
173,1984,0.199
174,1984,0.054
175,1984,-0.585
199,1984,0.367
176,1984,-0.363
177,1984,0.631
178,1984,0.631
179,1984,-0.399
180,1984,0.343
181,1984,-0.481
182,1984,-0.481
183,1984,-0.481
184,1984,0.2
185,1984,0.072
186,1984,0.508
187,1984,0.508
188,1984,-0.19
189,1984,-0.065
190,1984,0.113
191,1984,0.02
192,1984,-0.042
193,1984,-0.042
194,1984,-0.095
195,1984,1.895
196,1984,0.581
197,1984,-0.324
198,1984,-0.012
200,1984,-0.509
201,1984,-0.509
202,1984,0.039
203,1984,0.038
204,1984,0.032
205,1984,0.684
206,1984,0.205
207,1984,0.305
208,1984,-0.108
209,1984,-0.081
210,1984,-0.081
211,1984,-0.081
212,1984,0.074
213,1984,0.411
214,1984,0.411
215,1984,-0.304
216,1984,0.333
217,1984,-0.23
218,1984,0.193
219,1984,0.101
220,1984,0.101
221,1984,0.001
222,1984,-0.027
223,1984,-0.225
224,1984,-0.079
225,1984,-0.234
226,1984,0.391
227,1984,0.126
228,1984,0.227
229,1984,0.488
230,1984,0.445
0,1985,0.25
1,1985,0.295
2,1985,-0.098
3,1985,0.532
4,1985,0.264
5,1985,-0.044
6,1985,0.031
7,1985,0.722
8,1985,0.038
9,1985,0.086
10,1985,0.237
11,1985,0.237
12,1985,0.006
13,1985,0.008
14,1985,0.306
15,1985,-0.572
16,1985,-0.572
17,1985,0.252
18,1985,0.355
19,1985,0.161
20,1985,-0.189
21,1985,-0.189
22,1985,-0.189
23,1985,0.642
24,1985,0.501
25,1985,0.276
26,1985,0.368
27,1985,0.368
28,1985,0.345
29,1985,0.09
30,1985,-0.011
31,1985,0.083
32,1985,-0.614
33,1985,0.475
34,1985,0.475
35,1985,0.344
36,1985,0.208
37,1985,0.092
38,1985,-0.291
39,1985,0.008
40,1985,0.06
41,1985,0.259
42,1985,0.265
43,1985,-0.296
44,1985,-0.296
45,1985,-0.125
46,1985,0.044
47,1985,0.044
48,1985,0.098
49,1985,-0.18
50,1985,0.272
51,1985,0.027
52,1985,0.027
53,1985,0.168
54,1985,-0.099
55,1985,-0.099
56,1985,-0.997
57,1985,0.136
58,1985,0.085
59,1985,0.105
60,1985,-0.308
61,1985,0.23
62,1985,0.272
63,1985,-0.011
64,1985,-0.011
65,1985,-0.011
66,1985,0.599
67,1985,0.599
68,1985,-0.608
69,1985,-0.608
70,1985,-0.186
71,1985,0.277
72,1985,-1.179
73,1985,-0.333
74,1985,0.139
75,1985,-0.189
76,1985,0.337
77,1985,0.337
78,1985,-0.799
79,1985,0.392
80,1985,0.544
81,1985,-0.057
82,1985,0.973
83,1985,-0.583
84,1985,0.062
85,1985,0.272
86,1985,0.081
87,1985,0.442
88,1985,0.379
89,1985,-0.251
90,1985,0.28
91,1985,0.27
92,1985,0.208
93,1985,-1.064
94,1985,0.079
95,1985,0.202
96,1985,0.043
97,1985,0.192
98,1985,0.032
99,1985,-0.455
100,1985,-0.503
101,1985,-0.012
102,1985,0.12
103,1985,0.332
104,1985,0.13
105,1985,-0.049
106,1985,-0.049
107,1985,-0.014
108,1985,0.103
109,1985,0.15
110,1985,0.287
111,1985,0.028
112,1985,0.028
113,1985,0.195
114,1985,0.195
115,1985,-0.045
116,1985,0.804
117,1985,0.227
118,1985,0.039
119,1985,-0.324
120,1985,-0.324
121,1985,-0.324
122,1985,0.042
123,1985,-0.046
124,1985,0.044
125,1985,0.044
126,1985,0.518
127,1985,0.51
128,1985,0.51
129,1985,0.046
130,1985,0.428
131,1985,-0.366
132,1985,-0.195
133,1985,0.084
134,1985,0.084
135,1985,0.084
136,1985,-0.121
137,1985,-0.423
138,1985,-0.423
139,1985,0.086
140,1985,0.819
141,1985,0.027
142,1985,0.191
143,1985,0.503
144,1985,-0.183
145,1985,0.417
146,1985,-0.844
147,1985,0.344
148,1985,0.395
149,1985,0.029
150,1985,0.217
151,1985,0.443
152,1985,0.459
153,1985,0.212
154,1985,0.212
155,1985,-0.591
156,1985,0.296
157,1985,0.016
158,1985,0.123
159,1985,0.123
160,1985,-0.082
161,1985,0.076
162,1985,0.438
163,1985,0.114
164,1985,0.364
165,1985,0.248
166,1985,-1.035
167,1985,0.466
168,1985,-0.017
169,1985,0.329
170,1985,-1.194
171,1985,-1.194
172,1985,-1.194
173,1985,-0.975
174,1985,0.062
175,1985,0.175
199,1985,0.069
176,1985,-0.046
177,1985,0.484
178,1985,0.484
179,1985,-0.218
180,1985,0.243
181,1985,-0.088
182,1985,-0.088
183,1985,-0.088
184,1985,0.108
185,1985,0.094
186,1985,0.633
187,1985,0.633
188,1985,0.456
189,1985,0.045
190,1985,0.086
191,1985,-0.242
192,1985,-0.587
193,1985,-0.587
194,1985,0.097
195,1985,1.787
196,1985,-1.035
197,1985,-0.322
198,1985,-0.043
200,1985,-0.022
201,1985,-0.022
202,1985,-0.014
203,1985,0.231
204,1985,0.391
205,1985,0.483
206,1985,0.342
207,1985,0.215
208,1985,-0.519
209,1985,0.442
210,1985,0.442
211,1985,0.442
212,1985,0.194
213,1985,0.263
214,1985,0.263
215,1985,0.09
216,1985,-0.525
217,1985,-0.023
218,1985,-0.014
219,1985,0.414
220,1985,0.414
221,1985,0.416
222,1985,-0.225
223,1985,-0.116
224,1985,0.064
225,1985,-0.006
226,1985,0.696
227,1985,-0.05
228,1985,0.477
229,1985,0.127
230,1985,0.004
0,1986,-0.129
1,1986,0.293
2,1986,0.574
3,1986,0.33
4,1986,0.403
5,1986,0.254
6,1986,0.382
7,1986,0.223
8,1986,0.158
9,1986,0.149
10,1986,0.387
11,1986,0.387
12,1986,0.045
13,1986,0.049
14,1986,0.347
15,1986,0.313
16,1986,0.313
17,1986,0.241
18,1986,0.647
19,1986,0.109
20,1986,-0.09
21,1986,-0.09
22,1986,-0.09
23,1986,0.329
24,1986,0.398
25,1986,-0.04
26,1986,0.475
27,1986,0.475
28,1986,0.362
29,1986,0.266
30,1986,0.166
31,1986,0.004
32,1986,0.348
33,1986,0.34
34,1986,0.583
35,1986,0.213
36,1986,0.028
37,1986,0.137
38,1986,0.033
39,1986,0.068
40,1986,0.38
41,1986,0.711
42,1986,0.029
43,1986,-0.001
44,1986,-0.001
45,1986,-0.042
46,1986,0.079
47,1986,-0.066
48,1986,0.292
49,1986,0.045
50,1986,0.508
51,1986,0.281
52,1986,0.281
53,1986,0.293
54,1986,0.225
55,1986,0.225
56,1986,-0.437
57,1986,0.014
58,1986,0.147
59,1986,0.219
60,1986,-0.055
61,1986,0.093
62,1986,0.29
63,1986,-0.081
64,1986,-0.081
65,1986,-0.081
66,1986,0.355
67,1986,0.355
68,1986,0.251
69,1986,0.251
70,1986,-0.206
71,1986,-0.328
72,1986,-0.187
73,1986,0.009
74,1986,0.249
75,1986,-0.104
76,1986,0.619
77,1986,0.619
78,1986,-0.005
79,1986,0.336
80,1986,0.18
81,1986,0.315
82,1986,0.512
83,1986,-0.24
84,1986,0.152
85,1986,0.226
86,1986,0.247
87,1986,0.155
88,1986,0.525
89,1986,0.083
90,1986,0.301
91,1986,0.598
92,1986,0.154
93,1986,0.363
94,1986,-0.166
95,1986,0.183
96,1986,0.017
97,1986,0.168
98,1986,0.392
99,1986,-0.742
100,1986,-0.697
101,1986,0.029
102,1986,0.442
103,1986,0.355
104,1986,-0.686
105,1986,0.028
106,1986,0.028
107,1986,0.172
108,1986,0.378
109,1986,-0.71
110,1986,-0.736
111,1986,0.493
112,1986,0.493
113,1986,-0.037
114,1986,-0.037
115,1986,0.204
116,1986,0.51
117,1986,0.116
118,1986,0.195
119,1986,0.388
120,1986,0.388
121,1986,0.388
122,1986,-0.114
123,1986,0.168
124,1986,0.055
125,1986,0.188
126,1986,0.305
127,1986,0.478
128,1986,0.478
129,1986,0.129
130,1986,0.136
131,1986,-0.137
132,1986,-0.01
133,1986,0.269
134,1986,0.269
135,1986,0.269
136,1986,0.419
137,1986,0.389
138,1986,0.389
139,1986,0.149
140,1986,0.219
141,1986,0.148
142,1986,0.107
143,1986,0.281
144,1986,0.281
145,1986,-0.007
146,1986,-0.186
147,1986,0.208
148,1986,0.379
149,1986,0.098
150,1986,0.656
151,1986,0.608
152,1986,0.341
153,1986,0.282
154,1986,0.282
155,1986,-0.429
156,1986,0.335
157,1986,0.04
158,1986,-0.404
159,1986,-0.404
160,1986,0.205
161,1986,0.19
162,1986,0.898
163,1986,0.157
164,1986,0.295
165,1986,0.033
166,1986,0.029
167,1986,0.033
168,1986,0.164
169,1986,0.477
170,1986,0.432
171,1986,0.432
172,1986,0.719
173,1986,-0.664
174,1986,0.214
175,1986,0.338
199,1986,-0.147
176,1986,0.14
177,1986,0.443
178,1986,0.443
179,1986,0.146
180,1986,-0.069
181,1986,-0.189
182,1986,-0.189
183,1986,-0.189
184,1986,-0.127
185,1986,0.174
186,1986,0.439
187,1986,0.439
188,1986,0.234
189,1986,0.126
190,1986,0.149
191,1986,-0.047
192,1986,-0.237
193,1986,-0.237
194,1986,0.211
195,1986,-0.359
196,1986,-0.496
197,1986,0.246
198,1986,0.39
200,1986,-0.2
201,1986,-0.2
202,1986,0.119
203,1986,0.013
204,1986,0.167
205,1986,0.336
206,1986,0.417
207,1986,-0.153
208,1986,-0.287
209,1986,0.486
210,1986,0.486
211,1986,0.486
212,1986,0.425
213,1986,0.392
214,1986,0.392
215,1986,0.152
216,1986,-0.597
217,1986,0.587
218,1986,0.164
219,1986,0.73
220,1986,0.73
221,1986,-0.195
222,1986,-0.021
223,1986,-0.004
224,1986,-0.125
225,1986,0.028
226,1986,0.224
227,1986,0.226
228,1986,-0.135
229,1986,-0.009
230,1986,-0.011
0,1987,0.38
1,1987,0.684
2,1987,-0.105
3,1987,1.03
4,1987,0.36
5,1987,0.895
6,1987,0.409
7,1987,0.824
8,1987,0.728
9,1987,0.745
10,1987,0.377
11,1987,0.377
12,1987,0.873
13,1987,0.401
14,1987,0.329
15,1987,-0.27
16,1987,-0.27
17,1987,0.37
18,1987,0.518
19,1987,0.419
20,1987,0.629
21,1987,0.629
22,1987,0.629
23,1987,0.574
24,1987,1.069
25,1987,0.237
26,1987,0.69
27,1987,0.69
28,1987,1.209
29,1987,0.671
30,1987,0.712
31,1987,0.405
32,1987,-0.494
33,1987,1.022
34,1987,0.695
35,1987,1.17
36,1987,0.578
37,1987,0.499
38,1987,1.366
39,1987,0.266
40,1987,0.386
41,1987,0.398
42,1987,0.568
43,1987,0.818
44,1987,0.818
45,1987,0.429
46,1987,0.641
47,1987,0.388
48,1987,0.545
49,1987,0.412
50,1987,0.299
51,1987,0.889
52,1987,0.889
53,1987,0.667
54,1987,-0.295
55,1987,-0.295
56,1987,-0.976
57,1987,0.289
58,1987,0.743
59,1987,0.71
60,1987,0.777
61,1987,-0.367
62,1987,0.833
63,1987,0.399
64,1987,0.399
65,1987,0.399
66,1987,0.6
67,1987,0.6
68,1987,-0.569
69,1987,-0.569
70,1987,0.132
71,1987,-0.077
72,1987,-1.659
73,1987,0.016
74,1987,0.398
75,1987,0.293
76,1987,1.026
77,1987,1.026
78,1987,-0.558
79,1987,1.022
80,1987,0.453
81,1987,-0.393
82,1987,-0.179
83,1987,0.449
84,1987,0.736
85,1987,0.478
86,1987,0.822
87,1987,0.884
88,1987,0.861
89,1987,0.634
90,1987,0.971
91,1987,0.198
92,1987,0.513
93,1987,-0.538
94,1987,0.607
95,1987,0.562
96,1987,0.402
97,1987,0.481
98,1987,0.372
99,1987,-0.159
100,1987,-0.235
101,1987,-0.32
102,1987,0.189
103,1987,0.958
104,1987,0.322
105,1987,-0.175
106,1987,-0.175
107,1987,0.758
108,1987,0.173
109,1987,0.222
110,1987,0.4
111,1987,0.741
112,1987,0.741
113,1987,0.881
114,1987,0.881
115,1987,-0.271
116,1987,0.596
117,1987,0.886
118,1987,-0.079
119,1987,-0.044
120,1987,-0.044
121,1987,-0.044
122,1987,0.452
123,1987,0.596
124,1987,0.376
125,1987,0.523
126,1987,1.078
127,1987,0.6
128,1987,0.6
129,1987,0.729
130,1987,1.386
131,1987,0.34
132,1987,0.379
133,1987,-0.153
134,1987,-0.153
135,1987,-0.153
136,1987,0.185
137,1987,0.195
138,1987,0.195
139,1987,0.745
140,1987,1.039
141,1987,0.67
142,1987,0.56
143,1987,0.987
144,1987,0.987
145,1987,0.378
146,1987,-0.491
147,1987,-0.091
148,1987,0.409
149,1987,0.79
150,1987,0.581
151,1987,0.878
152,1987,0.452
153,1987,-0.015
154,1987,-0.015
155,1987,-0.828
156,1987,0.322
157,1987,0.177
158,1987,0.041
159,1987,0.041
160,1987,0.703
161,1987,0.251
162,1987,0.247
163,1987,0.861
164,1987,0.681
165,1987,-0.373
166,1987,-1.067
167,1987,0.683
168,1987,0.7
169,1987,0.36
170,1987,-0.723
171,1987,-0.723
172,1987,0.507
173,1987,0.003
174,1987,0.158
175,1987,0.085
199,1987,0.393
176,1987,0.48
177,1987,0.994
178,1987,0.994
179,1987,0.393
180,1987,0.738
181,1987,0.159
182,1987,0.159
183,1987,0.159
184,1987,-0.369
185,1987,0.95
186,1987,0.716
187,1987,0.716
188,1987,0.7
189,1987,0.658
190,1987,0.745
191,1987,0.603
192,1987,0.449
193,1987,0.449
194,1987,0.836
195,1987,0.199
196,1987,-1.205
197,1987,-0.006
198,1987,-0.191
200,1987,0.38
201,1987,0.38
202,1987,0.578
203,1987,0.691
204,1987,0.691
205,1987,1.08
206,1987,0.535
207,1987,-0.198
208,1987,0.436
209,1987,0.651
210,1987,0.651
211,1987,0.651
212,1987,-0.029
213,1987,0.726
214,1987,0.726
215,1987,0.121
216,1987,-0.286
217,1987,0.915
218,1987,0.71
219,1987,0.301
220,1987,0.301
221,1987,-0.281
222,1987,0.55
223,1987,0.952
224,1987,-0.059
225,1987,-0.331
226,1987,1.03
227,1987,0.431
228,1987,0.025
229,1987,0.907
230,1987,1.026
0,1988,0.918
1,1988,0.615
2,1988,0.379
3,1988,1.397
4,1988,0.513
5,1988,0.641
6,1988,0.892
7,1988,0.554
8,1988,0.532
9,1988,0.464
10,1988,-0.271
11,1988,-0.271
12,1988,0.557
13,1988,0.424
14,1988,0.924
15,1988,0.817
16,1988,0.817
17,1988,0.277
18,1988,0.597
19,1988,0.436
20,1988,0.487
21,1988,0.487
22,1988,0.487
23,1988,0.636
24,1988,0.721
25,1988,0.564
26,1988,0.389
27,1988,0.389
28,1988,0.212
29,1988,0.453
30,1988,0.6
31,1988,0.434
32,1988,0.123
33,1988,0.6
34,1988,0.332
35,1988,0.595
36,1988,0.295
37,1988,0.326
38,1988,1.219
39,1988,0.679
40,1988,0.143
41,1988,0.165
42,1988,0.023
43,1988,-0.153
44,1988,-0.153
45,1988,0.394
46,1988,0.413
47,1988,0.394
48,1988,0.445
49,1988,0.279
50,1988,0.616
51,1988,0.325
52,1988,0.325
53,1988,0.526
54,1988,0.011
55,1988,0.011
56,1988,0.93
57,1988,0.625
58,1988,0.462
59,1988,0.651
60,1988,0.123
61,1988,0.199
62,1988,0.613
63,1988,0.308
64,1988,0.308
65,1988,0.308
66,1988,0.664
67,1988,0.664
68,1988,0.489
69,1988,0.489
70,1988,0.196
71,1988,0.522
72,1988,0.58
73,1988,0.785
74,1988,0.274
75,1988,0.295
76,1988,0.791
77,1988,0.791
78,1988,0.894
79,1988,0.697
80,1988,0.75
81,1988,0.133
82,1988,0.562
83,1988,0.496
84,1988,0.497
85,1988,0.578
86,1988,0.6
87,1988,0.667
88,1988,0.704
89,1988,0.43
90,1988,0.779
91,1988,0.725
92,1988,0.608
93,1988,0.396
94,1988,-0.171
95,1988,0.495
96,1988,0.359
97,1988,0.665
98,1988,0.108
99,1988,0.228
100,1988,0.255
101,1988,0.017
102,1988,0.834
103,1988,0.762
104,1988,-0.157
105,1988,-0.015
106,1988,-0.015
107,1988,0.642
108,1988,0.139
109,1988,0.55
110,1988,0.276
111,1988,0.473
112,1988,0.473
113,1988,0.252
114,1988,0.252
115,1988,-0.015
116,1988,0.464
117,1988,0.77
118,1988,0.909
119,1988,0.943
120,1988,0.943
121,1988,0.943
122,1988,0.519
123,1988,0.766
124,1988,0.33
125,1988,0.662
126,1988,0.785
127,1988,1.257
128,1988,1.257
129,1988,0.473
130,1988,0.737
131,1988,0.147
132,1988,0.365
133,1988,0.141
134,1988,0.141
135,1988,0.141
136,1988,0.749
137,1988,0.643
138,1988,0.643
139,1988,0.464
140,1988,0.957
141,1988,0.662
142,1988,0.435
143,1988,0.342
144,1988,0.342
145,1988,0.599
146,1988,0.807
147,1988,0.889
148,1988,0.532
149,1988,0.568
150,1988,0.527
151,1988,0.586
152,1988,0.821
153,1988,0.8
154,1988,0.8
155,1988,0.475
156,1988,0.886
157,1988,0.288
158,1988,0.591
159,1988,0.591
160,1988,0.323
161,1988,0.529
162,1988,0.012
163,1988,0.46
164,1988,0.797
165,1988,-0.114
166,1988,0.693
167,1988,0.566
168,1988,0.538
169,1988,0.472
170,1988,0.109
171,1988,0.109
172,1988,0.3
173,1988,0.283
174,1988,0.463
175,1988,0.748
199,1988,0.466
176,1988,0.431
177,1988,0.846
178,1988,0.846
179,1988,0.326
180,1988,0.619
181,1988,0.082
182,1988,0.082
183,1988,0.082
184,1988,0.265
185,1988,0.822
186,1988,0.323
187,1988,0.323
188,1988,0.771
189,1988,0.662
190,1988,0.464
191,1988,0.49
192,1988,0.505
193,1988,0.505
194,1988,0.625
195,1988,-2.109
196,1988,0.724
197,1988,0.921
198,1988,-0.216
200,1988,0.323
201,1988,0.323
202,1988,0.695
203,1988,0.208
204,1988,0.208
205,1988,0.724
206,1988,0.152
207,1988,0.782
208,1988,0.308
209,1988,1.373
210,1988,1.373
211,1988,1.373
212,1988,0.056
213,1988,0.557
214,1988,0.557
215,1988,0.141
216,1988,0.301
217,1988,0.476
218,1988,0.589
219,1988,-0.528
220,1988,-0.528
221,1988,0.581
222,1988,0.264
223,1988,0.096
224,1988,0.274
225,1988,0.013
226,1988,0.491
227,1988,0.578
228,1988,0.91
229,1988,0.599
230,1988,0.426
0,1989,-0.124
1,1989,0.007
2,1989,-0.056
3,1989,0.45
4,1989,0.149
5,1989,0.153
6,1989,1.162
7,1989,0.056
8,1989,0.075
9,1989,0.025
10,1989,0.534
11,1989,0.534
12,1989,0.041
13,1989,0.26
14,1989,0.116
15,1989,1.103
16,1989,1.103
17,1989,0.671
18,1989,0.007
19,1989,0.205
20,1989,0.299
21,1989,0.299
22,1989,0.299
23,1989,0.363
24,1989,0.037
25,1989,0.252
26,1989,0.154
27,1989,0.154
28,1989,-0.261
29,1989,0.124
30,1989,0.126
31,1989,0.043
32,1989,0.405
33,1989,0.018
34,1989,0.069
35,1989,0.73
36,1989,0.203
37,1989,-0.245
38,1989,0.031
39,1989,0.836
40,1989,-0.247
41,1989,-0.225
42,1989,0.284
43,1989,0.243
44,1989,0.243
45,1989,0.422
46,1989,0.045
47,1989,-0.301
48,1989,-0.143
49,1989,-0.275
50,1989,0.413
51,1989,0.122
52,1989,0.122
53,1989,0.612
54,1989,0.071
55,1989,0.071
56,1989,1.801
57,1989,-0.074
58,1989,0.026
59,1989,0.193
60,1989,-0.228
61,1989,-0.196
62,1989,0.262
63,1989,0.0
64,1989,0.0
65,1989,0.0
66,1989,0.185
67,1989,0.185
68,1989,1.036
69,1989,1.036
70,1989,0.419
71,1989,-0.054
72,1989,2.178
73,1989,1.281
74,1989,0.078
75,1989,-0.065
76,1989,0.571
77,1989,0.571
78,1989,1.493
79,1989,0.277
80,1989,0.897
81,1989,-0.202
82,1989,-1.677
83,1989,-0.147
84,1989,0.05
85,1989,0.218
86,1989,0.143
87,1989,0.212
88,1989,0.476
89,1989,0.066
90,1989,0.433
91,1989,0.126
92,1989,0.167
93,1989,0.878
94,1989,-0.263
95,1989,-0.019
96,1989,0.031
97,1989,0.213
98,1989,0.183
99,1989,1.03
100,1989,1.088
101,1989,-0.188
102,1989,0.414
103,1989,0.386
104,1989,0.556
105,1989,-0.106
106,1989,-0.106
107,1989,-0.093
108,1989,-0.131
109,1989,1.209
110,1989,0.799
111,1989,0.17
112,1989,0.17
113,1989,0.181
114,1989,0.181
115,1989,0.093
116,1989,-0.014
117,1989,0.311
118,1989,-0.042
119,1989,1.103
120,1989,1.103
121,1989,1.103
122,1989,-0.017
123,1989,0.239
124,1989,0.002
125,1989,-0.087
126,1989,0.113
127,1989,0.272
128,1989,0.272
129,1989,0.087
130,1989,0.544
131,1989,-0.232
132,1989,-0.279
133,1989,0.446
134,1989,0.446
135,1989,0.446
136,1989,0.932
137,1989,1.34
138,1989,1.34
139,1989,0.025
140,1989,0.671
141,1989,0.183
142,1989,0.327
143,1989,-0.397
144,1989,-0.035
145,1989,0.087
146,1989,1.553
147,1989,0.32
148,1989,0.752
149,1989,0.113
150,1989,-0.44
151,1989,-0.34
152,1989,0.362
153,1989,0.516
154,1989,0.516
155,1989,1.743
156,1989,0.144
157,1989,-0.277
158,1989,-0.416
159,1989,-0.416
160,1989,0.144
161,1989,0.283
162,1989,-0.014
163,1989,0.029
164,1989,0.253
165,1989,0.199
166,1989,1.709
167,1989,1.057
168,1989,0.109
169,1989,-0.077
170,1989,0.78
171,1989,0.78
172,1989,0.012
173,1989,-0.328
174,1989,0.016
175,1989,0.269
199,1989,-0.082
176,1989,-0.136
177,1989,0.549
178,1989,0.549
179,1989,-0.123
180,1989,0.206
181,1989,0.206
182,1989,0.206
183,1989,0.206
184,1989,-0.076
185,1989,0.152
186,1989,-0.04
187,1989,-0.04
188,1989,1.014
189,1989,0.189
190,1989,0.025
191,1989,0.04
192,1989,-0.142
193,1989,-0.142
194,1989,0.17
195,1989,-0.769
196,1989,1.999
197,1989,1.153
198,1989,0.347
200,1989,0.079
201,1989,0.079
202,1989,-0.119
203,1989,0.237
204,1989,0.237
205,1989,0.185
206,1989,0.043
207,1989,0.436
208,1989,-0.253
209,1989,0.526
210,1989,0.526
211,1989,0.526
212,1989,-0.156
213,1989,0.031
214,1989,0.031
215,1989,-0.33
216,1989,1.137
217,1989,0.316
218,1989,0.122
219,1989,0.701
220,1989,0.701
221,1989,0.007
222,1989,-0.104
223,1989,-0.052
224,1989,-0.004
225,1989,-0.187
226,1989,0.681
227,1989,0.314
228,1989,0.269
229,1989,0.119
230,1989,0.186
0,1990,0.786
1,1990,0.584
2,1990,0.797
3,1990,1.339
4,1990,0.505
5,1990,0.332
6,1990,1.728
7,1990,0.652
8,1990,0.578
9,1990,0.569
10,1990,0.373
11,1990,0.373
12,1990,0.391
13,1990,0.522
14,1990,0.517
15,1990,1.261
16,1990,1.261
17,1990,0.761
18,1990,0.41
19,1990,-0.025
20,1990,0.466
21,1990,0.466
22,1990,0.466
23,1990,0.525
24,1990,0.675
25,1990,-0.082
26,1990,0.214
27,1990,0.214
28,1990,0.926
29,1990,0.446
30,1990,0.587
31,1990,0.432
32,1990,0.795
33,1990,0.618
34,1990,0.299
35,1990,1.093
36,1990,0.546
37,1990,0.594
38,1990,0.085
39,1990,0.726
40,1990,0.268
41,1990,0.481
42,1990,0.16
43,1990,0.29
44,1990,0.29
45,1990,0.844
46,1990,0.402
47,1990,0.089
48,1990,0.165
49,1990,0.16
50,1990,0.432
51,1990,0.556
52,1990,0.556
53,1990,0.771
54,1990,0.055
55,1990,0.055
56,1990,1.836
57,1990,0.548
58,1990,0.568
59,1990,0.544
60,1990,0.304
61,1990,-0.123
62,1990,0.547
63,1990,0.163
64,1990,0.163
65,1990,0.163
66,1990,0.345
67,1990,0.345
68,1990,1.259
69,1990,1.259
70,1990,0.671
71,1990,0.086
72,1990,1.25
73,1990,1.591
74,1990,0.277
75,1990,0.212
76,1990,1.127
77,1990,1.127
78,1990,1.575
79,1990,0.568
80,1990,1.198
81,1990,0.363
82,1990,-0.458
83,1990,0.137
84,1990,0.573
85,1990,0.408
86,1990,0.438
87,1990,0.711
88,1990,0.988
89,1990,0.576
90,1990,0.792
91,1990,1.101
92,1990,0.288
93,1990,1.086
94,1990,0.074
95,1990,-0.085
96,1990,0.082
97,1990,0.711
98,1990,0.363
99,1990,0.811
100,1990,0.898
101,1990,-0.129
102,1990,1.133
103,1990,0.674
104,1990,1.133
105,1990,-0.069
106,1990,-0.069
107,1990,0.051
108,1990,0.291
109,1990,1.313
110,1990,1.248
111,1990,0.393
112,1990,0.393
113,1990,0.374
114,1990,0.374
115,1990,0.029
116,1990,0.327
117,1990,0.541
118,1990,0.49
119,1990,1.324
120,1990,1.324
121,1990,1.324
122,1990,0.038
123,1990,0.75
124,1990,0.393
125,1990,0.387
126,1990,0.919
127,1990,1.299
128,1990,1.299
129,1990,0.55
130,1990,1.284
131,1990,-0.076
132,1990,0.101
133,1990,0.229
134,1990,0.229
135,1990,0.229
136,1990,1.308
137,1990,1.534
138,1990,1.534
139,1990,0.569
140,1990,1.406
141,1990,0.491
142,1990,0.201
143,1990,0.615
144,1990,-0.414
145,1990,-0.03
146,1990,1.578
147,1990,0.597
148,1990,0.589
149,1990,0.399
150,1990,0.453
151,1990,0.624
152,1990,0.46
153,1990,0.486
154,1990,0.486
155,1990,1.519
156,1990,0.504
157,1990,0.153
158,1990,0.252
159,1990,0.252
160,1990,0.439
161,1990,0.262
162,1990,0.101
163,1990,0.365
164,1990,0.427
165,1990,-0.023
166,1990,1.722
167,1990,1.343
168,1990,0.493
169,1990,0.401
170,1990,1.127
171,1990,1.127
172,1990,0.299
173,1990,-0.664
174,1990,0.437
175,1990,1.0
199,1990,1.0
176,1990,0.08
177,1990,1.181
178,1990,1.181
179,1990,0.245
180,1990,0.486
181,1990,0.486
182,1990,0.486
183,1990,0.486
184,1990,0.486
185,1990,0.46
186,1990,0.31
187,1990,0.31
188,1990,1.43
189,1990,0.526
190,1990,0.569
191,1990,0.364
192,1990,0.14
193,1990,0.14
194,1990,0.435
195,1990,1.63
196,1990,1.692
197,1990,1.429
198,1990,0.169
200,1990,0.385
201,1990,0.385
202,1990,0.114
203,1990,0.456
204,1990,-0.798
205,1990,0.718
206,1990,0.48
207,1990,0.372
208,1990,0.056
209,1990,1.466
210,1990,1.466
211,1990,1.466
212,1990,0.189
213,1990,0.378
214,1990,0.378
215,1990,0.249
216,1990,1.008
217,1990,0.676
218,1990,0.57
219,1990,0.568
220,1990,0.568
221,1990,0.24
222,1990,0.248
223,1990,0.303
224,1990,0.216
225,1990,-0.13
226,1990,1.355
227,1990,0.616
228,1990,0.335
229,1990,0.8
230,1990,0.596
0,1991,-0.149
1,1991,0.394
2,1991,-0.277
3,1991,0.103
4,1991,0.645
5,1991,0.402
6,1991,0.205
7,1991,0.221
8,1991,0.598
9,1991,0.648
10,1991,0.185
11,1991,0.185
12,1991,0.559
13,1991,0.397
14,1991,0.781
15,1991,0.121
16,1991,0.121
17,1991,0.759
18,1991,-0.277
19,1991,0.084
20,1991,0.535
21,1991,0.535
22,1991,0.535
23,1991,0.656
24,1991,0.394
25,1991,0.019
26,1991,0.582
27,1991,0.582
28,1991,0.163
29,1991,0.452
30,1991,0.547
31,1991,0.416
32,1991,-0.169
33,1991,0.535
34,1991,-0.069
35,1991,0.46
36,1991,0.468
37,1991,0.599
38,1991,0.347
39,1991,0.765
40,1991,0.352
41,1991,0.498
42,1991,0.04
43,1991,0.757
44,1991,0.757
45,1991,0.519
46,1991,0.516
47,1991,0.233
48,1991,0.328
49,1991,0.245
50,1991,0.707
51,1991,0.608
52,1991,0.608
53,1991,0.828
54,1991,0.35
55,1991,0.35
56,1991,0.622
57,1991,0.476
58,1991,0.647
59,1991,0.391
60,1991,0.366
61,1991,0.382
62,1991,0.639
63,1991,0.639
64,1991,0.639
65,1991,0.639
66,1991,0.591
67,1991,0.591
68,1991,0.595
69,1991,0.595
70,1991,0.972
71,1991,-0.031
72,1991,1.137
73,1991,0.253
74,1991,0.2
75,1991,0.219
76,1991,0.78
77,1991,0.78
78,1991,0.291
79,1991,0.431
80,1991,0.125
81,1991,-0.21
82,1991,-0.319
83,1991,0.318
84,1991,0.623
85,1991,0.705
86,1991,0.526
87,1991,0.72
88,1991,0.762
89,1991,0.187
90,1991,0.797
91,1991,-0.051
92,1991,0.491
93,1991,-0.04
94,1991,0.679
95,1991,0.183
96,1991,0.211
97,1991,0.318
98,1991,0.613
99,1991,0.183
100,1991,0.165
101,1991,0.368
102,1991,0.033
103,1991,0.746
104,1991,0.724
105,1991,0.492
106,1991,0.492
107,1991,0.346
108,1991,0.301
109,1991,0.582
110,1991,0.293
111,1991,0.5
112,1991,0.5
113,1991,0.636
114,1991,0.636
115,1991,0.393
116,1991,0.482
117,1991,0.519
118,1991,0.192
119,1991,0.192
120,1991,0.192
121,1991,0.192
122,1991,0.345
123,1991,0.302
124,1991,0.335
125,1991,0.427
126,1991,0.718
127,1991,0.215
128,1991,-0.024
129,1991,0.627
130,1991,0.652
131,1991,0.197
132,1991,0.244
133,1991,0.227
134,1991,0.091
135,1991,0.091
136,1991,0.144
137,1991,1.086
138,1991,1.086
139,1991,0.648
140,1991,0.137
141,1991,0.268
142,1991,0.525
143,1991,0.076
144,1991,-0.24
145,1991,0.06
146,1991,0.276
147,1991,0.155
148,1991,-0.019
149,1991,0.477
150,1991,0.856
151,1991,0.659
152,1991,0.704
153,1991,0.131
154,1991,0.131
155,1991,0.983
156,1991,0.716
157,1991,-0.237
158,1991,-0.404
159,1991,-0.404
160,1991,0.533
161,1991,0.186
162,1991,0.72
163,1991,0.484
164,1991,0.375
165,1991,-0.447
166,1991,0.427
167,1991,0.382
168,1991,0.463
169,1991,-0.137
170,1991,0.061
171,1991,0.061
172,1991,-0.103
173,1991,-0.63
174,1991,0.494
175,1991,-0.069
199,1991,-0.069
176,1991,0.359
177,1991,0.776
178,1991,0.776
179,1991,0.399
180,1991,0.564
181,1991,0.08
182,1991,0.08
183,1991,0.08
184,1991,0.039
185,1991,0.533
186,1991,0.342
187,1991,0.342
188,1991,0.191
189,1991,0.481
190,1991,0.648
191,1991,0.49
192,1991,0.321
193,1991,0.321
194,1991,0.502
195,1991,1.315
196,1991,1.028
197,1991,0.339
198,1991,0.492
200,1991,0.585
201,1991,0.585
202,1991,0.248
203,1991,0.588
204,1991,0.588
205,1991,0.363
206,1991,0.921
207,1991,0.335
208,1991,0.219
209,1991,0.012
210,1991,0.012
211,1991,0.012
212,1991,0.512
213,1991,0.31
214,1991,0.31
215,1991,-0.253
216,1991,0.199
217,1991,0.531
218,1991,0.534
219,1991,0.313
220,1991,0.313
221,1991,-0.102
222,1991,0.387
223,1991,0.528
224,1991,0.152
225,1991,0.369
226,1991,0.578
227,1991,0.456
228,1991,0.456
229,1991,0.02
230,1991,0.329
0,1992,-0.262
1,1992,0.101
2,1992,0.087
3,1992,-0.232
4,1992,0.363
5,1992,0.231
6,1992,0.357
7,1992,0.341
8,1992,0.51
9,1992,0.591
10,1992,-0.326
11,1992,-1.281
12,1992,0.58
13,1992,-0.063
14,1992,0.238
15,1992,1.243
16,1992,-0.812
17,1992,0.218
18,1992,-0.601
19,1992,-0.011
20,1992,0.455
21,1992,1.284
22,1992,1.284
23,1992,0.525
24,1992,0.067
25,1992,-0.255
26,1992,0.128
27,1992,0.682
28,1992,1.032
29,1992,0.391
30,1992,0.428
31,1992,0.313
32,1992,0.138
33,1992,-0.011
34,1992,0.024
35,1992,0.668
36,1992,0.42
37,1992,-0.308
38,1992,0.114
39,1992,0.402
40,1992,-0.583
41,1992,-0.4
42,1992,-0.141
43,1992,-0.201
44,1992,-0.201
45,1992,0.124
46,1992,0.69
47,1992,0.053
48,1992,-0.154
49,1992,-0.243
50,1992,0.703
51,1992,0.488
52,1992,0.834
53,1992,0.51
54,1992,-0.951
55,1992,-0.951
56,1992,1.457
57,1992,0.438
58,1992,0.591
59,1992,0.173
60,1992,0.71
61,1992,-0.644
62,1992,0.649
63,1992,-0.176
64,1992,-0.176
65,1992,1.6
66,1992,1.212
67,1992,1.212
68,1992,0.471
69,1992,0.471
70,1992,0.661
71,1992,0.012
72,1992,1.164
73,1992,0.657
74,1992,0.217
75,1992,-0.184
76,1992,0.824
77,1992,-1.161
78,1992,1.232
79,1992,0.187
80,1992,0.182
81,1992,-0.54
82,1992,-1.356
83,1992,0.351
84,1992,0.55
85,1992,0.552
86,1992,0.579
87,1992,0.382
88,1992,0.683
89,1992,0.142
90,1992,0.456
91,1992,0.467
92,1992,0.492
93,1992,0.932
94,1992,0.134
95,1992,0.013
96,1992,0.203
97,1992,-0.834
98,1992,-1.192
99,1992,0.43
100,1992,0.446
101,1992,-1.046
102,1992,0.534
103,1992,0.846
104,1992,0.331
105,1992,-1.126
106,1992,0.282
107,1992,0.489
108,1992,0.22
109,1992,0.759
110,1992,0.637
111,1992,-0.564
112,1992,0.076
113,1992,0.133
114,1992,1.58
115,1992,-1.03
116,1992,0.946
117,1992,0.233
118,1992,-0.462
119,1992,1.095
120,1992,1.49
121,1992,1.49
122,1992,0.341
123,1992,0.848
124,1992,0.267
125,1992,0.033
126,1992,0.214
127,1992,0.343
128,1992,0.05
129,1992,0.56
130,1992,0.629
131,1992,-0.138
132,1992,0.116
133,1992,0.046
134,1992,0.214
135,1992,0.478
136,1992,0.703
137,1992,0.819
138,1992,0.819
139,1992,0.591
140,1992,0.205
141,1992,0.833
142,1992,0.073
143,1992,0.552
144,1992,-0.668
145,1992,-0.106
146,1992,1.195
147,1992,0.27
148,1992,-0.7
149,1992,0.43
150,1992,-0.297
151,1992,-0.067
152,1992,0.336
153,1992,-0.143
154,1992,0.025
155,1992,1.124
156,1992,0.214
157,1992,-0.447
158,1992,-0.496
159,1992,0.022
160,1992,0.375
161,1992,0.374
162,1992,-0.319
163,1992,0.9
164,1992,0.388
165,1992,-0.557
166,1992,1.162
167,1992,0.372
168,1992,0.381
169,1992,-0.518
170,1992,0.391
171,1992,0.363
172,1992,0.024
173,1992,-1.248
174,1992,0.313
175,1992,0.498
199,1992,0.018
176,1992,-0.989
177,1992,0.84
178,1992,0.84
179,1992,0.02
180,1992,0.184
181,1992,-0.108
182,1992,-0.108
183,1992,1.156
184,1992,-0.166
185,1992,0.846
186,1992,0.769
187,1992,0.769
188,1992,0.281
189,1992,0.182
190,1992,0.591
191,1992,0.457
192,1992,0.355
193,1992,0.355
194,1992,0.702
195,1992,0.956
196,1992,1.377
197,1992,0.983
198,1992,-1.113
200,1992,-0.184
201,1992,-0.27
202,1992,0.253
203,1992,0.29
204,1992,0.29
205,1992,0.172
206,1992,0.172
207,1992,0.214
208,1992,0.253
209,1992,0.063
210,1992,-0.059
211,1992,-0.059
212,1992,0.199
213,1992,0.366
214,1992,0.477
215,1992,-0.673
216,1992,0.509
217,1992,0.399
218,1992,0.42
219,1992,0.153
220,1992,0.124
221,1992,-0.108
222,1992,0.421
223,1992,0.013
224,1992,-0.092
225,1992,-1.055
226,1992,0.532
227,1992,0.175
228,1992,0.175
229,1992,0.686
230,1992,1.107
0,1993,0.175
1,1993,0.395
2,1993,0.068
3,1993,0.643
4,1993,-0.041
5,1993,0.272
6,1993,0.167
7,1993,0.242
8,1993,0.609
9,1993,0.701
10,1993,0.004
11,1993,-0.931
12,1993,-0.931
13,1993,0.074
14,1993,0.432
15,1993,0.522
16,1993,-0.99
17,1993,0.319
18,1993,0.065
19,1993,-0.313
20,1993,0.532
21,1993,0.033
22,1993,0.033
23,1993,0.64
24,1993,0.606
25,1993,-0.311
26,1993,0.429
27,1993,0.276
28,1993,0.737
29,1993,0.455
30,1993,0.517
31,1993,0.156
32,1993,-0.334
33,1993,0.711
34,1993,0.711
35,1993,0.288
36,1993,0.29
37,1993,0.301
38,1993,0.357
39,1993,0.735
40,1993,0.226
41,1993,0.189
42,1993,0.189
43,1993,0.33
44,1993,0.33
45,1993,0.273
46,1993,0.344
47,1993,0.166
48,1993,0.149
49,1993,0.082
50,1993,0.496
51,1993,0.395
52,1993,0.405
53,1993,0.515
54,1993,-0.443
55,1993,0.287
56,1993,0.234
57,1993,0.3
58,1993,0.7
59,1993,0.379
60,1993,0.436
61,1993,-0.021
62,1993,0.419
63,1993,0.089
64,1993,0.089
65,1993,0.555
66,1993,0.794
67,1993,0.235
68,1993,0.75
69,1993,0.75
70,1993,0.081
71,1993,-0.377
72,1993,0.938
73,1993,0.33
74,1993,-0.011
75,1993,0.191
76,1993,1.017
77,1993,-1.225
78,1993,0.314
79,1993,0.495
80,1993,-0.104
81,1993,-0.33
82,1993,-1.522
83,1993,0.468
84,1993,0.655
85,1993,0.473
86,1993,0.57
87,1993,0.748
88,1993,0.872
89,1993,0.078
90,1993,0.198
91,1993,0.417
92,1993,0.239
93,1993,0.089
94,1993,0.126
95,1993,0.199
96,1993,0.204
97,1993,-0.084
98,1993,-0.476
99,1993,0.047
100,1993,-0.053
101,1993,-0.376
102,1993,0.517
103,1993,0.433
104,1993,0.011
105,1993,-0.519
106,1993,-0.375
107,1993,0.1
108,1993,-0.077
109,1993,0.559
110,1993,0.054
111,1993,-0.108
112,1993,-0.08
113,1993,0.215
114,1993,0.394
115,1993,-0.446
116,1993,0.995
117,1993,0.487
118,1993,0.286
119,1993,0.643
120,1993,0.301
121,1993,0.301
122,1993,0.099
123,1993,0.177
124,1993,0.104
125,1993,0.179
126,1993,1.043
127,1993,0.698
128,1993,-0.129
129,1993,0.673
130,1993,0.755
131,1993,-0.115
132,1993,0.233
133,1993,0.292
134,1993,-0.1
135,1993,-0.659
136,1993,0.548
137,1993,0.458
138,1993,0.458
139,1993,0.701
140,1993,0.227
141,1993,0.402
142,1993,0.101
143,1993,0.61
144,1993,0.61
145,1993,-0.203
146,1993,0.26
147,1993,0.021
148,1993,-0.417
149,1993,0.414
150,1993,0.396
151,1993,0.565
152,1993,0.565
153,1993,-0.107
154,1993,-0.001
155,1993,0.7
156,1993,0.387
157,1993,0.381
158,1993,0.323
159,1993,-0.036
160,1993,0.452
161,1993,0.204
162,1993,0.276
163,1993,0.561
164,1993,0.364
165,1993,-0.736
166,1993,0.081
167,1993,-0.25
168,1993,0.489
169,1993,0.051
170,1993,-0.402
171,1993,0.953
172,1993,0.953
173,1993,-0.988
174,1993,-0.137
175,1993,0.476
199,1993,0.461
176,1993,-0.218
177,1993,1.079
178,1993,1.079
179,1993,0.081
180,1993,0.492
181,1993,-0.105
182,1993,0.055
183,1993,0.562
184,1993,-0.181
185,1993,0.289
186,1993,0.82
187,1993,0.82
188,1993,-0.082
189,1993,0.188
190,1993,0.701
191,1993,0.564
192,1993,0.461
193,1993,0.461
194,1993,0.524
195,1993,0.011
196,1993,0.811
197,1993,0.581
198,1993,-0.561
200,1993,0.235
201,1993,-0.159
202,1993,-0.03
203,1993,0.224
204,1993,0.232
205,1993,0.557
206,1993,0.557
207,1993,-0.116
208,1993,0.566
209,1993,0.734
210,1993,-0.144
211,1993,-0.144
212,1993,0.017
213,1993,0.316
214,1993,-0.725
215,1993,-0.005
216,1993,-0.026
217,1993,0.011
218,1993,0.511
219,1993,0.277
220,1993,-0.209
221,1993,-0.447
222,1993,0.472
223,1993,0.245
224,1993,-0.314
225,1993,-0.376
226,1993,0.329
227,1993,0.34
228,1993,0.34
229,1993,-0.052
230,1993,0.441
0,1994,0.461
1,1994,0.426
2,1994,1.314
3,1994,0.828
4,1994,0.236
5,1994,0.504
6,1994,1.512
7,1994,0.5
8,1994,0.671
9,1994,0.686
10,1994,0.419
11,1994,0.488
12,1994,0.413
13,1994,0.529
14,1994,0.171
15,1994,1.953
16,1994,0.115
17,1994,0.74
18,1994,0.931
19,1994,0.327
20,1994,0.535
21,1994,1.147
22,1994,1.147
23,1994,0.955
24,1994,0.514
25,1994,0.238
26,1994,0.906
27,1994,1.707
28,1994,0.061
29,1994,0.605
30,1994,0.655
31,1994,0.356
32,1994,1.577
33,1994,0.306
34,1994,0.306
35,1994,0.222
36,1994,0.355
37,1994,0.356
38,1994,0.48
39,1994,1.127
40,1994,0.468
41,1994,0.319
42,1994,0.168
43,1994,0.396
44,1994,0.396
45,1994,0.725
46,1994,0.345
47,1994,0.527
48,1994,0.328
49,1994,0.368
50,1994,0.577
51,1994,0.329
52,1994,1.717
53,1994,0.884
54,1994,1.062
55,1994,1.797
56,1994,0.973
57,1994,0.258
58,1994,0.686
59,1994,0.595
60,1994,0.267
61,1994,0.601
62,1994,0.768
63,1994,0.302
64,1994,0.302
65,1994,0.355
66,1994,0.044
67,1994,0.567
68,1994,0.696
69,1994,0.696
70,1994,-0.028
71,1994,-0.201
72,1994,0.145
73,1994,1.555
74,1994,0.392
75,1994,0.232
76,1994,0.783
77,1994,0.435
78,1994,1.628
79,1994,0.514
80,1994,0.744
81,1994,1.066
82,1994,-0.575
83,1994,0.466
84,1994,0.678
85,1994,0.741
86,1994,0.548
87,1994,0.506
88,1994,0.728
89,1994,0.35
90,1994,0.855
91,1994,1.414
92,1994,0.825
93,1994,1.767
94,1994,-0.196
95,1994,0.084
96,1994,0.312
97,1994,0.744
98,1994,1.006
99,1994,0.266
100,1994,0.254
101,1994,0.795
102,1994,1.513
103,1994,0.923
104,1994,0.958
105,1994,0.934
106,1994,-0.051
107,1994,0.55
108,1994,0.207
109,1994,1.344
110,1994,1.259
111,1994,0.982
112,1994,0.298
113,1994,0.296
114,1994,0.68
115,1994,1.05
116,1994,0.065
117,1994,0.453
118,1994,0.488
119,1994,1.937
120,1994,0.951
121,1994,0.951
122,1994,0.241
123,1994,0.295
124,1994,0.25
125,1994,0.379
126,1994,0.223
127,1994,1.487
128,1994,0.041
129,1994,0.657
130,1994,0.483
131,1994,0.265
132,1994,0.533
133,1994,0.67
134,1994,0.099
135,1994,1.648
136,1994,1.393
137,1994,1.328
138,1994,1.328
139,1994,0.686
140,1994,1.079
141,1994,0.209
142,1994,0.456
143,1994,0.224
144,1994,0.224
145,1994,0.121
146,1994,1.378
147,1994,-0.042
148,1994,-0.118
149,1994,0.623
150,1994,0.309
151,1994,0.498
152,1994,0.498
153,1994,-0.161
154,1994,1.458
155,1994,0.066
156,1994,0.162
157,1994,0.263
158,1994,0.075
159,1994,0.186
160,1994,0.379
161,1994,0.211
162,1994,0.972
163,1994,0.545
164,1994,0.432
165,1994,-0.375
166,1994,1.385
167,1994,0.619
168,1994,0.64
169,1994,0.693
170,1994,1.746
171,1994,0.573
172,1994,0.573
173,1994,-0.23
174,1994,0.269
175,1994,1.499
199,1994,0.375
176,1994,0.641
177,1994,0.607
178,1994,0.607
179,1994,0.368
180,1994,0.418
181,1994,0.358
182,1994,1.711
183,1994,1.868
184,1994,0.088
185,1994,0.616
186,1994,0.207
187,1994,0.207
188,1994,1.003
189,1994,0.259
190,1994,0.686
191,1994,0.557
192,1994,0.465
193,1994,0.465
194,1994,0.663
195,1994,0.058
196,1994,0.198
197,1994,1.877
198,1994,1.29
200,1994,0.258
201,1994,0.445
202,1994,0.361
203,1994,0.265
204,1994,0.265
205,1994,0.548
206,1994,0.548
207,1994,0.154
208,1994,0.447
209,1994,1.404
210,1994,0.299
211,1994,0.299
212,1994,0.299
213,1994,0.346
214,1994,1.161
215,1994,0.392
216,1994,0.402
217,1994,0.472
218,1994,0.655
219,1994,0.44
220,1994,-0.02
221,1994,-0.172
222,1994,0.288
223,1994,0.282
224,1994,-0.148
225,1994,0.797
226,1994,0.99
227,1994,0.504
228,1994,0.504
229,1994,0.253
230,1994,0.102
0,1995,0.405
1,1995,0.564
2,1995,-0.187
3,1995,0.689
4,1995,0.788
5,1995,0.745
6,1995,1.283
7,1995,0.783
8,1995,0.785
9,1995,0.858
10,1995,0.2
11,1995,0.701
12,1995,0.691
13,1995,0.622
14,1995,0.351
15,1995,0.936
16,1995,1.022
17,1995,0.663
18,1995,0.179
19,1995,0.313
20,1995,0.665
21,1995,1.507
22,1995,1.507
23,1995,0.955
24,1995,0.491
25,1995,0.404
26,1995,0.785
27,1995,0.298
28,1995,1.476
29,1995,0.787
30,1995,0.712
31,1995,0.388
32,1995,0.213
33,1995,0.399
34,1995,0.399
35,1995,1.255
36,1995,0.572
37,1995,0.369
38,1995,0.95
39,1995,0.901
40,1995,0.033
41,1995,0.121
42,1995,-0.097
43,1995,0.03
44,1995,0.03
45,1995,0.57
46,1995,0.645
47,1995,0.409
48,1995,0.44
49,1995,0.651
50,1995,0.821
51,1995,0.398
52,1995,0.43
53,1995,0.93
54,1995,0.08
55,1995,1.035
56,1995,1.312
57,1995,0.62
58,1995,0.858
59,1995,0.773
60,1995,0.591
61,1995,0.136
62,1995,0.726
63,1995,0.951
64,1995,0.951
65,1995,1.738
66,1995,0.659
67,1995,0.752
68,1995,1.827
69,1995,1.827
70,1995,-0.173
71,1995,0.305
72,1995,1.699
73,1995,1.334
74,1995,0.426
75,1995,0.729
76,1995,0.849
77,1995,0.726
78,1995,1.311
79,1995,0.773
80,1995,1.269
81,1995,-0.041
82,1995,-0.431
83,1995,0.791
84,1995,0.822
85,1995,0.762
86,1995,0.929
87,1995,0.506
88,1995,0.767
89,1995,0.863
90,1995,0.795
91,1995,0.127
92,1995,0.903
93,1995,0.655
94,1995,-0.428
95,1995,0.207
96,1995,0.342
97,1995,0.677
98,1995,0.383
99,1995,1.182
100,1995,1.148
101,1995,-0.151
102,1995,0.424
103,1995,0.896
104,1995,0.341
105,1995,-0.055
106,1995,2.025
107,1995,0.423
108,1995,0.574
109,1995,0.683
110,1995,0.424
111,1995,0.212
112,1995,0.467
113,1995,0.507
114,1995,1.617
115,1995,0.055
116,1995,0.698
117,1995,0.541
118,1995,0.384
119,1995,0.918
120,1995,1.52
121,1995,1.52
122,1995,0.254
123,1995,0.803
124,1995,0.371
125,1995,0.67
126,1995,0.6
127,1995,0.536
128,1995,-0.166
129,1995,0.807
130,1995,1.022
131,1995,0.145
132,1995,0.358
133,1995,0.768
134,1995,0.341
135,1995,0.626
136,1995,0.772
137,1995,1.263
138,1995,1.263
139,1995,0.858
140,1995,1.236
141,1995,0.63
142,1995,0.574
143,1995,0.945
144,1995,0.945
145,1995,0.233
146,1995,1.556
147,1995,0.807
148,1995,0.055
149,1995,0.803
150,1995,0.433
151,1995,0.453
152,1995,0.453
153,1995,0.463
154,1995,-0.068
155,1995,0.944
156,1995,0.35
157,1995,0.111
158,1995,-0.198
159,1995,0.23
160,1995,0.343
161,1995,0.471
162,1995,0.661
163,1995,0.794
164,1995,0.447
165,1995,-0.218
166,1995,1.125
167,1995,1.598
168,1995,0.726
169,1995,0.102
170,1995,0.439
171,1995,2.101
172,1995,2.101
173,1995,-0.207
174,1995,0.705
175,1995,0.283
199,1995,0.944
176,1995,0.178
177,1995,0.916
178,1995,0.916
179,1995,0.299
180,1995,0.403
181,1995,0.267
182,1995,0.711
183,1995,0.803
184,1995,0.652
185,1995,0.565
186,1995,0.643
187,1995,0.643
188,1995,1.396
189,1995,0.542
190,1995,0.858
191,1995,0.764
192,1995,0.789
193,1995,0.789
194,1995,1.247
195,1995,0.47
196,1995,1.264
197,1995,1.022
198,1995,0.176
200,1995,0.057
201,1995,0.372
202,1995,0.293
203,1995,0.584
204,1995,0.044
205,1995,0.611
206,1995,0.611
207,1995,0.528
208,1995,0.823
209,1995,0.728
210,1995,1.417
211,1995,1.417
212,1995,0.422
213,1995,0.49
214,1995,0.957
215,1995,-0.194
216,1995,1.111
217,1995,0.641
218,1995,0.713
219,1995,0.3
220,1995,1.398
221,1995,0.241
222,1995,0.71
223,1995,0.293
224,1995,0.424
225,1995,-0.164
226,1995,1.437
227,1995,0.833
228,1995,0.833
229,1995,0.644
230,1995,0.829
0,1996,-0.119
1,1996,0.541
2,1996,-0.039
3,1996,0.923
4,1996,0.803
5,1996,0.159
6,1996,0.569
7,1996,0.417
8,1996,0.496
9,1996,0.562
10,1996,0.461
11,1996,0.495
12,1996,0.871
13,1996,0.174
14,1996,0.545
15,1996,-0.205
16,1996,0.259
17,1996,0.01
18,1996,0.617
19,1996,0.204
20,1996,0.541
21,1996,-0.265
22,1996,-0.265
23,1996,0.422
24,1996,0.826
25,1996,0.216
26,1996,0.348
27,1996,-0.029
28,1996,0.035
29,1996,0.509
30,1996,0.43
31,1996,0.292
32,1996,-0.375
33,1996,0.909
34,1996,0.909
35,1996,1.378
36,1996,0.226
37,1996,0.417
38,1996,-0.107
39,1996,0.312
40,1996,-0.036
41,1996,0.553
42,1996,0.212
43,1996,0.044
44,1996,0.044
45,1996,0.203
46,1996,0.292
47,1996,-0.054
48,1996,0.022
49,1996,0.095
50,1996,0.76
51,1996,-0.066
52,1996,-0.03
53,1996,0.33
54,1996,0.278
55,1996,-0.612
56,1996,-0.747
57,1996,0.717
58,1996,0.562
59,1996,0.377
60,1996,-0.081
61,1996,0.383
62,1996,0.274
63,1996,0.42
64,1996,0.032
65,1996,-0.368
66,1996,0.026
67,1996,0.745
68,1996,0.565
69,1996,0.565
70,1996,0.327
71,1996,0.338
72,1996,0.139
73,1996,0.2
74,1996,0.009
75,1996,0.221
76,1996,1.109
77,1996,0.179
78,1996,-0.695
79,1996,0.688
80,1996,0.699
81,1996,-0.16
82,1996,0.617
83,1996,0.501
84,1996,0.529
85,1996,0.285
86,1996,0.658
87,1996,0.816
88,1996,0.942
89,1996,0.558
90,1996,0.296
91,1996,0.293
92,1996,0.119
93,1996,-0.313
94,1996,0.467
95,1996,0.298
96,1996,0.358
97,1996,0.208
98,1996,0.825
99,1996,-0.021
100,1996,-0.126
101,1996,0.345
102,1996,0.233
103,1996,0.319
104,1996,-0.135
105,1996,0.479
106,1996,-0.42
107,1996,0.428
108,1996,0.41
109,1996,0.262
110,1996,-0.018
111,1996,0.924
112,1996,-0.423
113,1996,0.013
114,1996,-0.423
115,1996,0.401
116,1996,-0.244
117,1996,0.485
118,1996,0.589
119,1996,-0.016
120,1996,-0.514
121,1996,-0.514
122,1996,0.066
123,1996,0.497
124,1996,0.302
125,1996,0.35
126,1996,1.194
127,1996,0.65
128,1996,-0.058
129,1996,0.561
130,1996,1.409
131,1996,-0.127
132,1996,-0.004
133,1996,0.513
134,1996,0.206
135,1996,-0.66
136,1996,0.295
137,1996,0.399
138,1996,0.399
139,1996,0.562
140,1996,0.99
141,1996,0.209
142,1996,0.36
143,1996,0.153
144,1996,0.153
145,1996,0.186
146,1996,-0.765
147,1996,1.002
148,1996,0.198
149,1996,0.065
150,1996,1.077
151,1996,0.811
152,1996,0.811
153,1996,0.818
154,1996,-0.134
155,1996,-0.058
156,1996,0.528
157,1996,0.058
158,1996,-0.26
159,1996,0.278
160,1996,0.221
161,1996,0.444
162,1996,0.239
163,1996,0.174
164,1996,0.368
165,1996,-0.431
166,1996,-0.775
167,1996,0.685
168,1996,0.417
169,1996,0.536
170,1996,-0.394
171,1996,0.803
172,1996,0.803
173,1996,0.189
174,1996,0.73
175,1996,0.204
199,1996,0.204
176,1996,0.567
177,1996,1.194
178,1996,1.194
179,1996,-0.026
180,1996,0.53
181,1996,0.126
182,1996,-0.397
183,1996,-0.112
184,1996,0.405
185,1996,0.741
186,1996,-0.134
187,1996,-0.134
188,1996,0.672
189,1996,0.367
190,1996,0.562
191,1996,0.534
192,1996,0.499
193,1996,0.499
194,1996,0.84
195,1996,1.183
196,1996,-0.16
197,1996,0.056
198,1996,0.46
200,1996,-0.121
201,1996,-0.476
202,1996,0.163
203,1996,0.132
204,1996,0.117
205,1996,0.749
206,1996,0.749
207,1996,0.362
208,1996,0.512
209,1996,0.698
210,1996,-0.021
211,1996,-0.021
212,1996,0.386
213,1996,0.358
214,1996,-0.402
215,1996,0.326
216,1996,-0.148
217,1996,-0.001
218,1996,0.428
219,1996,0.464
220,1996,-0.44
221,1996,0.32
222,1996,0.527
223,1996,-0.054
224,1996,0.315
225,1996,0.341
226,1996,1.438
227,1996,0.335
228,1996,0.335
229,1996,0.654
230,1996,-0.151
0,1997,0.425
1,1997,0.586
2,1997,0.079
3,1997,1.112
4,1997,1.112
5,1997,0.551
6,1997,1.765
7,1997,0.285
8,1997,0.661
9,1997,0.754
10,1997,0.692
11,1997,0.785
12,1997,0.559
13,1997,0.611
14,1997,0.32
15,1997,0.509
16,1997,0.622
17,1997,0.745
18,1997,0.294
19,1997,0.022
20,1997,0.486
21,1997,0.369
22,1997,0.369
23,1997,1.082
24,1997,0.645
25,1997,-0.374
26,1997,0.911
27,1997,0.126
28,1997,0.288
29,1997,0.703
30,1997,0.569
31,1997,0.597
32,1997,-0.352
33,1997,0.616
34,1997,0.616
35,1997,1.434
36,1997,0.239
37,1997,0.605
38,1997,0.447
39,1997,0.865
40,1997,-0.045
41,1997,0.235
42,1997,0.638
43,1997,0.291
44,1997,0.291
45,1997,0.73
46,1997,0.663
47,1997,0.362
48,1997,0.714
49,1997,0.714
50,1997,0.458
51,1997,0.752
52,1997,0.309
53,1997,0.754
54,1997,0.032
55,1997,0.132
56,1997,0.657
57,1997,0.609
58,1997,0.753
59,1997,0.669
60,1997,0.973
61,1997,0.003
62,1997,0.938
63,1997,0.938
64,1997,0.212
65,1997,0.909
66,1997,0.304
67,1997,0.667
68,1997,1.096
69,1997,1.096
70,1997,0.873
71,1997,0.043
72,1997,0.784
73,1997,1.249
74,1997,0.17
75,1997,0.431
76,1997,1.271
77,1997,0.344
78,1997,0.564
79,1997,0.478
80,1997,1.423
81,1997,-0.188
82,1997,0.417
83,1997,0.649
84,1997,0.708
85,1997,0.877
86,1997,0.818
87,1997,0.813
88,1997,1.087
89,1997,0.694
90,1997,0.76
91,1997,0.786
92,1997,0.848
93,1997,-0.125
94,1997,0.339
95,1997,-0.085
96,1997,0.378
97,1997,0.602
98,1997,0.316
99,1997,0.963
100,1997,0.911
101,1997,-0.116
102,1997,0.942
103,1997,0.786
104,1997,0.445
105,1997,-0.186
106,1997,1.873
107,1997,0.473
108,1997,0.208
109,1997,0.972
110,1997,0.735
111,1997,0.526
112,1997,1.408
113,1997,0.181
114,1997,0.757
115,1997,-0.098
116,1997,0.22
117,1997,0.935
118,1997,0.474
119,1997,0.958
120,1997,0.53
121,1997,0.53
122,1997,0.569
123,1997,0.695
124,1997,0.525
125,1997,0.456
126,1997,0.903
127,1997,1.129
128,1997,0.027
129,1997,0.7
130,1997,1.141
131,1997,0.417
132,1997,0.442
133,1997,0.439
134,1997,0.102
135,1997,-0.432
136,1997,1.381
137,1997,1.937
138,1997,1.937
139,1997,0.754
140,1997,1.318
141,1997,0.351
142,1997,0.189
143,1997,0.039
144,1997,0.039
145,1997,-0.424
146,1997,0.625
147,1997,0.304
148,1997,-0.16
149,1997,0.754
150,1997,0.736
151,1997,0.737
152,1997,0.737
153,1997,-0.165
154,1997,-0.126
155,1997,0.765
156,1997,0.287
157,1997,-0.084
158,1997,-0.505
159,1997,0.254
160,1997,0.668
161,1997,0.015
162,1997,1.018
163,1997,0.853
164,1997,0.454
165,1997,-0.45
166,1997,0.026
167,1997,1.546
168,1997,0.66
169,1997,0.109
170,1997,-0.395
171,1997,1.28
172,1997,1.28
173,1997,-0.307
174,1997,-0.307
175,1997,0.92
199,1997,0.92
176,1997,-0.004
177,1997,1.334
178,1997,1.334
179,1997,0.461
180,1997,0.723
181,1997,0.573
182,1997,-0.238
183,1997,0.469
184,1997,0.319
185,1997,0.565
186,1997,0.246
187,1997,0.246
188,1997,1.488
189,1997,0.523
190,1997,0.754
191,1997,0.632
192,1997,0.641
193,1997,0.641
194,1997,0.925
195,1997,-0.322
196,1997,0.983
197,1997,1.094
198,1997,-0.116
200,1997,0.005
201,1997,1.143
202,1997,0.526
203,1997,0.283
204,1997,-0.105
205,1997,0.654
206,1997,0.654
207,1997,0.263
208,1997,0.794
209,1997,1.324
210,1997,1.401
211,1997,1.401
212,1997,0.433
213,1997,0.629
214,1997,-0.325
215,1997,-0.303
216,1997,0.873
217,1997,0.393
218,1997,0.585
219,1997,1.109
220,1997,1.551
221,1997,0.008
222,1997,0.629
223,1997,0.267
224,1997,0.015
225,1997,-0.12
226,1997,1.622
227,1997,0.646
228,1997,0.004
229,1997,0.537
230,1997,0.258
0,1998,0.577
1,1998,0.977
2,1998,0.795
3,1998,1.163
4,1998,1.163
5,1998,1.558
6,1998,1.002
7,1998,1.258
8,1998,1.226
9,1998,1.256
10,1998,0.274
11,1998,1.388
12,1998,1.235
13,1998,1.045
14,1998,1.028
15,1998,1.341
16,1998,1.21
17,1998,0.913
18,1998,1.349
19,1998,0.611
20,1998,1.324
21,1998,0.717
22,1998,0.717
23,1998,1.103
24,1998,1.144
25,1998,0.747
26,1998,1.01
27,1998,1.083
28,1998,1.237
29,1998,1.253
30,1998,1.198
31,1998,1.232
32,1998,0.758
33,1998,1.004
34,1998,0.565
35,1998,1.56
36,1998,1.309
37,1998,1.276
38,1998,2.498
39,1998,0.79
40,1998,1.111
41,1998,0.844
42,1998,0.661
43,1998,0.952
44,1998,0.952
45,1998,1.263
46,1998,1.038
47,1998,1.081
48,1998,1.013
49,1998,1.212
50,1998,1.212
51,1998,1.142
52,1998,1.157
53,1998,0.952
54,1998,0.982
55,1998,1.249
56,1998,0.87
57,1998,0.878
58,1998,1.256
59,1998,1.095
60,1998,1.087
61,1998,0.732
62,1998,1.037
63,1998,1.048
64,1998,0.372
65,1998,0.519
66,1998,1.04
67,1998,0.767
68,1998,0.186
69,1998,0.186
70,1998,0.657
71,1998,0.662
72,1998,0.072
73,1998,0.959
74,1998,0.449
75,1998,1.174
76,1998,1.5
77,1998,1.264
78,1998,1.158
79,1998,1.208
80,1998,1.064
81,1998,0.645
82,1998,1.242
83,1998,1.341
84,1998,1.241
85,1998,1.053
86,1998,1.544
87,1998,1.239
88,1998,1.506
89,1998,1.17
90,1998,0.993
91,1998,0.872
92,1998,1.084
93,1998,1.103
94,1998,0.148
95,1998,0.572
96,1998,0.971
97,1998,1.143
98,1998,1.298
99,1998,0.923
100,1998,0.915
101,1998,0.893
102,1998,0.965
103,1998,1.199
104,1998,1.191
105,1998,1.012
106,1998,0.474
107,1998,0.297
108,1998,0.632
109,1998,1.768
110,1998,1.486
111,1998,1.357
112,1998,0.788
113,1998,1.266
114,1998,0.644
115,1998,0.999
116,1998,0.935
117,1998,1.283
118,1998,0.734
119,1998,1.222
120,1998,0.744
121,1998,0.744
122,1998,0.699
123,1998,1.188
124,1998,1.129
125,1998,0.947
126,1998,1.226
127,1998,0.954
128,1998,0.008
129,1998,1.273
130,1998,1.579
131,1998,0.659
132,1998,1.03
133,1998,0.669
134,1998,0.217
135,1998,0.81
136,1998,0.998
137,1998,2.118
138,1998,2.118
139,1998,1.256
140,1998,1.587
141,1998,1.087
142,1998,1.141
143,1998,1.272
144,1998,1.272
145,1998,0.292
146,1998,1.082
147,1998,1.767
148,1998,0.948
149,1998,1.285
150,1998,0.683
151,1998,1.125
152,1998,1.125
153,1998,1.409
154,1998,0.752
155,1998,0.386
156,1998,1.014
157,1998,1.016
158,1998,0.326
159,1998,0.506
160,1998,1.065
161,1998,0.832
162,1998,0.299
163,1998,1.304
164,1998,1.252
165,1998,-0.643
166,1998,0.959
167,1998,1.144
168,1998,1.222
169,1998,1.218
170,1998,0.812
171,1998,-0.032
172,1998,0.565
173,1998,0.797
174,1998,0.797
175,1998,1.078
199,1998,1.267
176,1998,1.023
177,1998,1.538
178,1998,1.538
179,1998,0.821
180,1998,1.015
181,1998,0.803
182,1998,1.039
183,1998,1.369
184,1998,0.724
185,1998,0.771
186,1998,0.851
187,1998,0.851
188,1998,1.137
189,1998,1.17
190,1998,1.256
191,1998,1.311
192,1998,1.34
193,1998,1.34
194,1998,1.51
195,1998,0.172
196,1998,0.557
197,1998,1.142
198,1998,1.155
200,1998,1.069
201,1998,0.608
202,1998,0.442
203,1998,1.35
204,1998,0.812
205,1998,1.246
206,1998,1.246
207,1998,0.298
208,1998,1.339
209,1998,1.065
210,1998,0.995
211,1998,0.995
212,1998,0.214
213,1998,0.484
214,1998,0.742
215,1998,1.007
216,1998,0.851
217,1998,1.276
218,1998,1.204
219,1998,0.102
220,1998,0.503
221,1998,0.743
222,1998,1.087
223,1998,1.273
224,1998,0.481
225,1998,0.893
226,1998,1.481
227,1998,1.056
228,1998,1.056
229,1998,1.079
230,1998,1.09
0,1999,1.167
1,1999,0.648
2,1999,0.686
3,1999,1.51
4,1999,0.264
5,1999,0.924
6,1999,1.046
7,1999,0.546
8,1999,0.646
9,1999,0.663
10,1999,0.09
11,1999,1.538
12,1999,0.342
13,1999,1.092
14,1999,0.512
15,1999,0.979
16,1999,1.241
17,1999,0.545
18,1999,1.992
19,1999,0.907
20,1999,0.719
21,1999,1.518
22,1999,1.518
23,1999,0.452
24,1999,0.694
25,1999,0.95
26,1999,0.367
27,1999,0.636
28,1999,0.923
29,1999,0.559
30,1999,0.63
31,1999,0.441
32,1999,0.669
33,1999,0.546
34,1999,0.546
35,1999,0.575
36,1999,0.304
37,1999,0.662
38,1999,1.72
39,1999,0.324
40,1999,0.391
41,1999,0.542
42,1999,0.193
43,1999,1.011
44,1999,1.011
45,1999,1.229
46,1999,0.058
47,1999,0.508
48,1999,0.399
49,1999,0.71
50,1999,1.282
51,1999,-0.102
52,1999,0.709
53,1999,0.582
54,1999,1.107
55,1999,1.102
56,1999,1.334
57,1999,0.374
58,1999,0.662
59,1999,0.63
60,1999,0.104
61,1999,0.833
62,1999,0.317
63,1999,0.578
64,1999,0.763
65,1999,1.498
66,1999,0.523
67,1999,0.268
68,1999,0.586
69,1999,0.586
70,1999,0.56
71,1999,0.452
72,1999,1.16
73,1999,1.222
74,1999,0.27
75,1999,0.642
76,1999,0.702
77,1999,1.222
78,1999,1.371
79,1999,0.62
80,1999,0.661
81,1999,0.814
82,1999,0.41
83,1999,0.73
84,1999,0.654
85,1999,0.659
86,1999,0.874
87,1999,0.562
88,1999,0.707
89,1999,0.51
90,1999,0.772
91,1999,0.729
92,1999,0.343
93,1999,0.623
94,1999,0.416
95,1999,0.463
96,1999,0.235
97,1999,1.611
98,1999,1.917
99,1999,1.058
100,1999,1.094
101,1999,0.895
102,1999,0.921
103,1999,0.558
104,1999,0.94
105,1999,1.038
106,1999,1.359
107,1999,0.286
108,1999,0.043
109,1999,1.371
110,1999,1.062
111,1999,2.072
112,1999,1.056
113,1999,0.517
114,1999,1.544
115,1999,1.081
116,1999,1.198
117,1999,0.768
118,1999,1.226
119,1999,0.987
120,1999,1.489
121,1999,1.489
122,1999,0.267
123,1999,0.244
124,1999,0.329
125,1999,0.298
126,1999,0.364
127,1999,1.382
128,1999,-0.269
129,1999,0.678
130,1999,0.356
131,1999,0.114
132,1999,0.52
133,1999,0.583
134,1999,0.139
135,1999,0.923
136,1999,1.005
137,1999,1.765
138,1999,1.765
139,1999,0.663
140,1999,1.021
141,1999,0.422
142,1999,0.834
143,1999,0.836
144,1999,0.836
145,1999,0.669
146,1999,1.589
147,1999,0.986
148,1999,0.985
149,1999,0.238
150,1999,0.553
151,1999,0.824
152,1999,0.824
153,1999,0.824
154,1999,0.597
155,1999,1.262
156,1999,0.511
157,1999,0.887
158,1999,0.72
159,1999,0.307
160,1999,-0.017
161,1999,0.218
162,1999,0.176
163,1999,0.33
164,1999,0.519
165,1999,0.519
166,1999,1.212
167,1999,0.533
168,1999,0.64
169,1999,1.794
170,1999,0.644
171,1999,0.413
172,1999,0.413
173,1999,1.71
174,1999,0.193
175,1999,0.811
199,1999,0.97
176,1999,1.474
177,1999,0.538
178,1999,0.538
179,1999,0.101
180,1999,0.562
181,1999,0.107
182,1999,0.784
183,1999,0.873
184,1999,0.318
185,1999,0.493
186,1999,1.107
187,1999,1.107
188,1999,0.756
189,1999,0.348
190,1999,0.663
191,1999,0.707
192,1999,0.725
193,1999,0.725
194,1999,1.016
195,1999,2.066
196,1999,1.361
197,1999,1.013
198,1999,1.265
200,1999,0.618
201,1999,1.046
202,1999,-0.298
203,1999,0.345
204,1999,-0.119
205,1999,0.662
206,1999,0.662
207,1999,0.215
208,1999,0.825
209,1999,1.828
210,1999,1.33
211,1999,1.33
212,1999,0.415
213,1999,0.112
214,1999,1.169
215,1999,1.346
216,1999,1.123
217,1999,0.76
218,1999,0.632
219,1999,0.062
220,1999,1.316
221,1999,0.931
222,1999,0.359
223,1999,0.723
224,1999,0.229
225,1999,0.9
226,1999,1.036
227,1999,0.821
228,1999,0.821
229,1999,0.279
230,1999,0.313
0,2000,1.0
1,2000,0.484
2,2000,1.065
3,2000,0.862
4,2000,0.66
5,2000,0.808
6,2000,1.048
7,2000,0.258
8,2000,0.383
9,2000,0.489
10,2000,-0.26
11,2000,1.077
12,2000,-0.044
13,2000,0.683
14,2000,0.085
15,2000,1.764
16,2000,1.08
17,2000,0.145
18,2000,1.123
19,2000,0.361
20,2000,0.576
21,2000,1.949
22,2000,1.494
23,2000,0.137
24,2000,0.523
25,2000,0.128
26,2000,0.427
27,2000,1.549
28,2000,-0.338
29,2000,0.533
30,2000,0.275
31,2000,0.345
32,2000,1.151
33,2000,0.529
34,2000,0.529
35,2000,0.819
36,2000,0.194
37,2000,0.39
38,2000,1.315
39,2000,1.315
40,2000,0.599
41,2000,0.306
42,2000,-0.314
43,2000,0.347
44,2000,0.347
45,2000,0.571
46,2000,0.041
47,2000,0.282
48,2000,0.511
49,2000,0.491
50,2000,0.939
51,2000,0.039
52,2000,1.637
53,2000,0.319
54,2000,0.647
55,2000,1.9
56,2000,1.718
57,2000,0.789
58,2000,0.489
59,2000,0.357
60,2000,0.121
61,2000,0.099
62,2000,0.006
63,2000,0.423
64,2000,0.501
65,2000,2.042
66,2000,-0.089
67,2000,0.524
68,2000,1.341
69,2000,1.341
70,2000,0.267
71,2000,0.577
72,2000,2.027
73,2000,1.201
74,2000,0.148
75,2000,0.373
76,2000,0.914
77,2000,0.954
78,2000,1.768
79,2000,0.495
80,2000,0.779
81,2000,0.691
82,2000,0.899
83,2000,0.671
84,2000,0.436
85,2000,0.274
86,2000,0.768
87,2000,0.71
88,2000,0.955
89,2000,0.846
90,2000,0.846
91,2000,1.156
92,2000,0.011
93,2000,1.756
94,2000,0.246
95,2000,0.331
96,2000,0.234
97,2000,1.157
98,2000,0.991
99,2000,0.552
100,2000,0.611
101,2000,0.296
102,2000,1.256
103,2000,0.272
104,2000,0.622
105,2000,0.373
106,2000,1.485
107,2000,0.553
108,2000,0.309
109,2000,0.59
110,2000,0.422
111,2000,1.275
112,2000,1.065
113,2000,-0.096
114,2000,2.011
115,2000,0.531
116,2000,0.304
117,2000,0.486
118,2000,0.302
119,2000,1.466
120,2000,2.032
121,2000,1.663
122,2000,0.372
123,2000,0.951
124,2000,0.282
125,2000,0.259
126,2000,0.653
127,2000,1.166
128,2000,-0.155
129,2000,0.51
130,2000,1.004
131,2000,0.027
132,2000,0.291
133,2000,0.555
134,2000,0.316
135,2000,1.492
136,2000,1.19
137,2000,0.981
138,2000,0.981
139,2000,0.489
140,2000,0.945
141,2000,0.593
142,2000,0.161
143,2000,-0.064
144,2000,-0.064
145,2000,0.098
146,2000,1.61
147,2000,0.472
148,2000,0.242
149,2000,0.093
150,2000,0.715
151,2000,0.591
152,2000,0.591
153,2000,0.189
154,2000,1.073
155,2000,1.432
156,2000,0.105
157,2000,0.844
158,2000,0.582
159,2000,0.286
160,2000,0.085
161,2000,0.293
162,2000,0.221
163,2000,0.393
164,2000,0.642
165,2000,0.297
166,2000,1.895
167,2000,0.558
168,2000,0.254
169,2000,1.027
170,2000,1.346
171,2000,1.32
172,2000,1.32
173,2000,1.123
174,2000,0.577
175,2000,1.366
199,2000,0.494
176,2000,0.773
177,2000,0.886
178,2000,0.886
179,2000,0.194
180,2000,0.194
181,2000,0.146
182,2000,1.636
183,2000,1.803
184,2000,0.404
185,2000,0.55
186,2000,0.275
187,2000,0.275
188,2000,0.754
189,2000,0.457
190,2000,0.489
191,2000,0.588
192,2000,0.671
193,2000,0.671
194,2000,1.097
195,2000,1.975
196,2000,1.72
197,2000,1.454
198,2000,0.648
200,2000,0.339
201,2000,0.911
202,2000,0.487
203,2000,-0.037
204,2000,-0.037
205,2000,0.614
206,2000,0.614
207,2000,0.368
208,2000,0.649
209,2000,1.096
210,2000,1.339
211,2000,1.339
212,2000,0.523
213,2000,0.394
214,2000,1.434
215,2000,0.732
216,2000,0.709
217,2000,1.005
218,2000,0.27
219,2000,0.341
220,2000,1.399
221,2000,0.659
222,2000,0.307
223,2000,0.112
224,2000,0.394
225,2000,0.296
226,2000,0.957
227,2000,0.755
228,2000,0.755
229,2000,0.173
230,2000,-0.132
0,2001,1.276
1,2001,0.668
2,2001,1.547
3,2001,1.889
4,2001,0.938
5,2001,0.93
6,2001,1.494
7,2001,0.259
8,2001,0.709
9,2001,0.709
10,2001,0.339
11,2001,1.449
12,2001,0.576
13,2001,1.018
14,2001,0.281
15,2001,1.499
16,2001,1.419
17,2001,0.094
18,2001,1.22
19,2001,0.466
20,2001,0.786
21,2001,1.986
22,2001,1.347
23,2001,0.403
24,2001,0.595
25,2001,0.636
26,2001,0.692
27,2001,1.553
28,2001,0.216
29,2001,0.795
30,2001,0.71
31,2001,0.416
32,2001,1.61
33,2001,0.496
34,2001,0.536
35,2001,1.109
36,2001,0.549
37,2001,0.228
38,2001,1.445
39,2001,1.445
40,2001,0.314
41,2001,0.248
42,2001,-0.145
43,2001,0.877
44,2001,0.877
45,2001,1.037
46,2001,0.507
47,2001,0.43
48,2001,0.43
49,2001,0.361
50,2001,1.012
51,2001,0.565
52,2001,1.608
53,2001,0.368
54,2001,1.187
55,2001,1.217
56,2001,1.043
57,2001,0.75
58,2001,0.75
59,2001,0.776
60,2001,0.388
61,2001,0.701
62,2001,0.419
63,2001,0.404
64,2001,0.44
65,2001,1.811
66,2001,0.546
67,2001,0.691
68,2001,0.95
69,2001,0.95
70,2001,0.527
71,2001,0.605
72,2001,1.372
73,2001,1.42
74,2001,0.352
75,2001,0.266
76,2001,1.265
77,2001,1.253
78,2001,1.296
79,2001,0.598
80,2001,1.204
81,2001,1.329
82,2001,0.852
83,2001,0.764
84,2001,0.709
85,2001,0.336
86,2001,0.861
87,2001,0.829
88,2001,1.205
89,2001,0.836
90,2001,0.632
91,2001,1.532
92,2001,0.215
93,2001,1.414
94,2001,0.557
95,2001,0.456
96,2001,0.47
97,2001,1.455
98,2001,1.278
99,2001,0.53
100,2001,0.498
101,2001,0.91
102,2001,1.565
103,2001,0.535
104,2001,0.403
105,2001,0.986
106,2001,1.637
107,2001,0.603
108,2001,0.591
109,2001,0.841
110,2001,0.902
111,2001,1.276
112,2001,1.459
113,2001,0.589
114,2001,1.811
115,2001,1.131
116,2001,0.522
117,2001,0.503
118,2001,1.269
119,2001,1.452
120,2001,1.804
121,2001,1.447
122,2001,0.503
123,2001,0.818
124,2001,0.441
125,2001,0.544
126,2001,0.587
127,2001,1.775
128,2001,0.169
129,2001,0.81
130,2001,1.168
131,2001,0.294
132,2001,0.451
133,2001,0.483
134,2001,0.322
135,2001,1.709
136,2001,1.475
137,2001,1.681
138,2001,1.681
139,2001,1.681
140,2001,1.786
141,2001,0.657
142,2001,0.613
143,2001,0.388
144,2001,0.388
145,2001,0.456
146,2001,1.283
147,2001,0.753
148,2001,0.547
149,2001,0.178
150,2001,0.209
151,2001,0.272
152,2001,0.272
153,2001,0.49
154,2001,1.596
155,2001,0.617
156,2001,0.3
157,2001,0.959
158,2001,0.658
159,2001,0.325
160,2001,0.569
161,2001,0.439
162,2001,0.761
163,2001,0.457
164,2001,0.757
165,2001,0.053
166,2001,1.3
167,2001,1.046
168,2001,0.746
169,2001,1.045
170,2001,1.539
171,2001,0.814
172,2001,0.316
173,2001,0.535
174,2001,0.855
175,2001,1.679
199,2001,0.324
176,2001,0.886
177,2001,1.136
178,2001,1.136
179,2001,0.536
180,2001,0.818
181,2001,0.216
182,2001,1.255
183,2001,1.727
184,2001,1.727
185,2001,0.897
186,2001,0.527
187,2001,0.527
188,2001,1.349
189,2001,0.702
190,2001,0.702
191,2001,0.783
192,2001,0.764
193,2001,0.764
194,2001,1.043
195,2001,1.386
196,2001,1.066
197,2001,1.484
198,2001,1.135
200,2001,0.724
201,2001,1.409
202,2001,0.379
203,2001,0.543
204,2001,0.543
205,2001,0.732
206,2001,0.732
207,2001,0.659
208,2001,0.778
209,2001,2.073
210,2001,1.565
211,2001,1.565
212,2001,0.784
213,2001,0.254
214,2001,1.804
215,2001,0.598
216,2001,0.617
217,2001,0.792
218,2001,0.715
219,2001,1.218
220,2001,1.567
221,2001,0.481
222,2001,0.601
223,2001,0.65
224,2001,0.594
225,2001,0.911
226,2001,1.426
227,2001,0.858
228,2001,0.858
229,2001,0.388
230,2001,0.253
0,2002,1.355
1,2002,0.899
2,2002,0.513
3,2002,1.288
4,2002,1.185
5,2002,0.752
6,2002,0.848
7,2002,0.739
8,2002,0.872
9,2002,0.697
10,2002,0.205
11,2002,1.215
12,2002,0.751
13,2002,1.17
14,2002,0.664
15,2002,1.53
16,2002,1.479
17,2002,0.862
18,2002,1.581
19,2002,0.547
20,2002,0.683
21,2002,1.901
22,2002,1.41
23,2002,0.711
24,2002,0.784
25,2002,0.436
26,2002,1.028
27,2002,1.158
28,2002,0.8
29,2002,1.071
30,2002,0.969
31,2002,0.582
32,2002,0.814
33,2002,0.997
34,2002,0.974
35,2002,1.191
36,2002,0.691
37,2002,0.705
38,2002,0.556
39,2002,0.556
40,2002,0.664
41,2002,0.752
42,2002,-0.05
43,2002,0.984
44,2002,0.984
45,2002,1.129
46,2002,0.761
47,2002,0.887
48,2002,0.91
49,2002,0.796
50,2002,0.902
51,2002,0.611
52,2002,1.265
53,2002,0.792
54,2002,0.853
55,2002,1.522
56,2002,1.651
57,2002,1.312
58,2002,0.697
59,2002,0.873
60,2002,0.687
61,2002,0.832
62,2002,0.761
63,2002,0.653
64,2002,1.022
65,2002,1.452
66,2002,0.756
67,2002,1.052
68,2002,1.504
69,2002,1.504
70,2002,1.101
71,2002,0.606
72,2002,1.171
73,2002,1.077
74,2002,0.648
75,2002,0.678
76,2002,1.348
77,2002,1.046
78,2002,1.493
79,2002,0.848
80,2002,0.767
81,2002,0.458
82,2002,1.07
83,2002,0.586
84,2002,0.823
85,2002,0.666
86,2002,1.001
87,2002,1.164
88,2002,1.259
89,2002,1.022
90,2002,0.809
91,2002,0.741
92,2002,0.616
93,2002,1.444
94,2002,0.762
95,2002,0.799
96,2002,0.594
97,2002,1.605
98,2002,1.148
99,2002,0.811
100,2002,0.877
101,2002,0.793
102,2002,0.943
103,2002,0.764
104,2002,0.615
105,2002,0.674
106,2002,2.243
107,2002,0.764
108,2002,0.692
109,2002,0.84
110,2002,0.656
111,2002,1.614
112,2002,1.431
113,2002,0.497
114,2002,1.71
115,2002,0.819
116,2002,0.632
117,2002,0.856
118,2002,0.897
119,2002,1.397
120,2002,1.915
121,2002,1.404
122,2002,0.437
123,2002,0.948
124,2002,0.593
125,2002,0.703
126,2002,1.249
127,2002,1.053
128,2002,0.329
129,2002,0.78
130,2002,1.179
131,2002,0.197
132,2002,0.897
133,2002,0.674
134,2002,0.301
135,2002,1.451
136,2002,0.994
137,2002,1.779
138,2002,1.779
139,2002,0.697
140,2002,1.174
141,2002,0.76
142,2002,0.637
143,2002,0.892
144,2002,0.892
145,2002,0.549
146,2002,1.542
147,2002,0.765
148,2002,0.396
149,2002,0.444
150,2002,0.573
151,2002,0.792
152,2002,0.792
153,2002,0.406
154,2002,0.364
155,2002,1.395
156,2002,0.648
157,2002,1.283
158,2002,0.9
159,2002,0.437
160,2002,0.709
161,2002,0.534
162,2002,1.218
163,2002,0.762
164,2002,0.661
165,2002,0.392
166,2002,1.716
167,2002,0.595
168,2002,0.921
169,2002,1.539
170,2002,1.22
171,2002,1.59
172,2002,0.729
173,2002,-0.023
174,2002,1.103
175,2002,1.108
199,2002,0.712
176,2002,1.096
177,2002,1.417
178,2002,1.417
179,2002,0.305
180,2002,0.98
181,2002,0.37
182,2002,1.395
183,2002,1.517
184,2002,1.517
185,2002,1.01
186,2002,0.513
187,2002,0.513
188,2002,0.763
189,2002,0.855
190,2002,0.697
191,2002,0.662
192,2002,0.587
193,2002,0.587
194,2002,1.32
195,2002,1.616
196,2002,1.563
197,2002,1.291
198,2002,0.841
200,2002,0.878
201,2002,1.217
202,2002,0.608
203,2002,0.526
204,2002,0.526
205,2002,0.807
206,2002,0.807
207,2002,0.794
208,2002,0.573
209,2002,1.332
210,2002,1.835
211,2002,1.835
212,2002,0.816
213,2002,0.732
214,2002,1.55
215,2002,1.192
216,2002,0.996
217,2002,0.954
218,2002,0.96
219,2002,0.617
220,2002,1.836
221,2002,0.48
222,2002,0.728
223,2002,0.659
224,2002,0.66
225,2002,0.794
226,2002,1.372
227,2002,0.996
228,2002,0.996
229,2002,0.78
230,2002,0.674
0,2003,0.552
1,2003,1.028
2,2003,1.026
3,2003,1.621
4,2003,0.739
5,2003,1.024
6,2003,1.968
7,2003,0.971
8,2003,0.932
9,2003,0.895
10,2003,0.573
11,2003,0.197
12,2003,0.929
13,2003,0.658
14,2003,0.77
15,2003,1.462
16,2003,-0.053
17,2003,0.986
18,2003,1.26
19,2003,0.442
20,2003,0.965
21,2003,0.098
22,2003,1.535
23,2003,0.944
24,2003,1.041
25,2003,0.483
26,2003,0.674
27,2003,1.114
28,2003,1.197
29,2003,0.964
30,2003,0.917
31,2003,0.835
32,2003,0.14
33,2003,0.976
34,2003,1.122
35,2003,0.95
36,2003,0.589
37,2003,0.958
38,2003,1.268
39,2003,1.268
40,2003,0.78
41,2003,0.805
42,2003,0.185
43,2003,1.006
44,2003,1.006
45,2003,0.821
46,2003,0.809
47,2003,0.563
48,2003,0.944
49,2003,0.897
50,2003,0.85
51,2003,0.787
52,2003,1.279
53,2003,0.933
54,2003,0.618
55,2003,1.07
56,2003,0.703
57,2003,1.374
58,2003,0.894
59,2003,0.949
60,2003,0.708
61,2003,0.728
62,2003,1.006
63,2003,0.943
64,2003,0.608
65,2003,0.196
66,2003,0.942
67,2003,1.099
68,2003,0.969
69,2003,0.969
70,2003,1.671
71,2003,0.531
72,2003,0.709
73,2003,1.82
74,2003,0.539
75,2003,0.909
76,2003,1.091
77,2003,-0.256
78,2003,1.259
79,2003,1.067
80,2003,1.291
81,2003,0.411
82,2003,2.361
83,2003,0.968
84,2003,0.94
85,2003,1.131
86,2003,1.255
87,2003,1.06
88,2003,1.034
89,2003,1.175
90,2003,1.014
91,2003,1.539
92,2003,0.621
93,2003,0.729
94,2003,1.788
95,2003,0.665
96,2003,0.621
97,2003,0.884
98,2003,0.957
99,2003,1.004
100,2003,1.034
101,2003,0.629
102,2003,1.56
103,2003,0.934
104,2003,0.303
105,2003,0.522
106,2003,0.119
107,2003,0.926
108,2003,0.342
109,2003,0.931
110,2003,0.635
111,2003,1.579
112,2003,0.464
113,2003,0.854
114,2003,0.228
115,2003,0.632
116,2003,1.131
117,2003,0.955
118,2003,0.975
119,2003,1.688
120,2003,0.18
121,2003,1.703
122,2003,0.488
123,2003,1.214
124,2003,0.665
125,2003,0.604
126,2003,1.256
127,2003,1.534
128,2003,0.295
129,2003,0.906
130,2003,1.216
131,2003,0.485
132,2003,0.573
133,2003,0.832
134,2003,0.347
135,2003,-0.185
136,2003,1.722
137,2003,0.504
138,2003,0.504
139,2003,0.895
140,2003,1.667
141,2003,0.811
142,2003,0.641
143,2003,1.23
144,2003,1.23
145,2003,0.309
146,2003,1.221
147,2003,0.571
148,2003,0.214
149,2003,0.8
150,2003,0.819
151,2003,0.859
152,2003,0.859
153,2003,0.285
154,2003,0.635
155,2003,1.089
156,2003,0.737
157,2003,1.185
158,2003,0.401
159,2003,0.372
160,2003,0.82
161,2003,0.578
162,2003,0.832
163,2003,0.727
164,2003,0.78
165,2003,-0.262
166,2003,0.379
167,2003,1.364
168,2003,0.991
169,2003,1.269
170,2003,0.139
171,2003,0.994
172,2003,0.985
173,2003,0.196
174,2003,0.664
175,2003,1.61
199,2003,0.985
176,2003,0.996
177,2003,1.158
178,2003,1.158
179,2003,0.486
180,2003,0.805
181,2003,0.374
182,2003,0.664
183,2003,1.443
184,2003,-0.096
185,2003,1.249
186,2003,0.933
187,2003,0.933
188,2003,1.548
189,2003,0.764
190,2003,0.895
191,2003,0.959
192,2003,0.973
193,2003,0.973
194,2003,1.573
195,2003,0.842
196,2003,0.905
197,2003,1.874
198,2003,0.52
200,2003,0.862
201,2003,0.518
202,2003,0.978
203,2003,0.667
204,2003,0.21
205,2003,1.106
206,2003,1.106
207,2003,0.425
208,2003,0.896
209,2003,1.78
210,2003,0.112
211,2003,0.112
212,2003,0.569
213,2003,0.87
214,2003,-0.252
215,2003,1.052
216,2003,1.179
217,2003,0.991
218,2003,0.931
219,2003,0.323
220,2003,0.148
221,2003,0.217
222,2003,0.994
223,2003,1.001
224,2003,0.501
225,2003,0.63
226,2003,1.485
227,2003,0.916
228,2003,0.916
229,2003,0.988
230,2003,0.565
0,2004,1.422
1,2004,0.851
2,2004,0.472
3,2004,1.024
4,2004,0.285
5,2004,0.664
6,2004,0.954
7,2004,0.53
8,2004,0.523
9,2004,0.559
10,2004,0.381
11,2004,1.149
12,2004,0.48
13,2004,1.102
14,2004,0.649
15,2004,0.826
16,2004,1.372
17,2004,0.325
18,2004,1.387
19,2004,0.45
20,2004,0.776
21,2004,0.947
22,2004,1.098
23,2004,0.698
24,2004,0.821
25,2004,0.458
26,2004,0.873
27,2004,0.604
28,2004,0.337
29,2004,0.82
30,2004,0.488
31,2004,0.656
32,2004,0.483
33,2004,0.86
34,2004,1.207
35,2004,1.042
36,2004,0.52
37,2004,0.88
38,2004,0.503
39,2004,0.503
40,2004,0.856
41,2004,0.8
42,2004,0.425
43,2004,0.677
44,2004,0.677
45,2004,1.107
46,2004,0.657
47,2004,0.487
48,2004,0.944
49,2004,0.936
50,2004,0.893
51,2004,0.681
52,2004,0.664
53,2004,0.682
54,2004,0.647
55,2004,0.809
56,2004,1.029
57,2004,0.872
58,2004,0.558
59,2004,0.55
60,2004,0.685
61,2004,0.648
62,2004,0.79
63,2004,0.832
64,2004,1.071
65,2004,1.149
66,2004,0.823
67,2004,0.809
68,2004,1.28
69,2004,1.28
70,2004,1.087
71,2004,0.392
72,2004,1.232
73,2004,0.996
74,2004,0.371
75,2004,0.861
76,2004,1.182
77,2004,0.855
78,2004,0.998
79,2004,0.78
80,2004,0.932
81,2004,0.358
82,2004,1.472
83,2004,0.473
84,2004,0.541
85,2004,0.804
86,2004,1.258
87,2004,1.103
88,2004,1.17
89,2004,1.034
90,2004,0.792
91,2004,0.514
92,2004,0.513
93,2004,0.561
94,2004,1.238
95,2004,0.54
96,2004,0.574
97,2004,1.462
98,2004,1.093
99,2004,0.881
100,2004,0.936
101,2004,0.606
102,2004,0.782
103,2004,0.767
104,2004,1.095
105,2004,0.635
106,2004,2.142
107,2004,0.669
108,2004,0.669
109,2004,1.581
110,2004,1.218
111,2004,1.523
112,2004,1.532
113,2004,0.272
114,2004,1.009
115,2004,0.649
116,2004,1.262
117,2004,0.923
118,2004,0.752
119,2004,0.908
120,2004,0.883
121,2004,1.023
122,2004,0.264
123,2004,0.853
124,2004,0.597
125,2004,0.474
126,2004,1.216
127,2004,0.834
128,2004,0.439
129,2004,0.611
130,2004,1.353
131,2004,0.062
132,2004,0.468
133,2004,0.354
134,2004,0.46
135,2004,0.721
136,2004,0.92
137,2004,1.764
138,2004,1.764
139,2004,0.559
140,2004,1.115
141,2004,0.618
142,2004,0.576
143,2004,0.994
144,2004,0.994
145,2004,0.357
146,2004,1.17
147,2004,0.694
148,2004,-0.006
149,2004,0.626
150,2004,0.638
151,2004,0.816
152,2004,0.816
153,2004,0.534
154,2004,0.37
155,2004,1.302
156,2004,0.602
157,2004,1.095
158,2004,0.941
159,2004,0.578
160,2004,0.603
161,2004,0.212
162,2004,0.459
163,2004,0.711
164,2004,0.678
165,2004,-0.657
166,2004,0.79
167,2004,0.912
168,2004,0.491
169,2004,1.318
170,2004,0.554
171,2004,1.4
172,2004,0.756
173,2004,0.632
174,2004,0.206
175,2004,0.827
199,2004,0.814
176,2004,0.989
177,2004,1.183
178,2004,1.183
179,2004,0.237
180,2004,1.019
181,2004,0.344
182,2004,0.556
183,2004,0.74
184,2004,0.206
185,2004,0.614
186,2004,0.974
187,2004,0.974
188,2004,0.946
189,2004,0.677
190,2004,0.559
191,2004,0.597
192,2004,0.474
193,2004,0.474
194,2004,1.599
195,2004,0.737
196,2004,1.192
197,2004,0.999
198,2004,0.628
200,2004,0.455
201,2004,1.371
202,2004,0.82
203,2004,0.42
204,2004,0.265
205,2004,0.843
206,2004,0.843
207,2004,0.571
208,2004,0.502
209,2004,1.003
210,2004,1.693
211,2004,1.693
212,2004,0.657
213,2004,0.71
214,2004,0.933
215,2004,1.045
216,2004,1.023
217,2004,0.866
218,2004,0.486
219,2004,0.479
220,2004,1.931
221,2004,0.33
222,2004,0.732
223,2004,0.354
224,2004,0.395
225,2004,0.603
226,2004,1.62
227,2004,0.901
228,2004,0.901
229,2004,0.422
230,2004,0.156
0,2005,0.419
1,2005,1.1
2,2005,0.2
3,2005,1.293
4,2005,0.934
5,2005,1.08
6,2005,0.863
7,2005,1.109
8,2005,0.909
9,2005,0.929
10,2005,0.19
11,2005,0.509
12,2005,0.64
13,2005,0.873
14,2005,1.12
15,2005,0.624
16,2005,0.888
17,2005,0.27
18,2005,1.069
19,2005,0.845
20,2005,1.219
21,2005,1.292
22,2005,1.208
23,2005,0.828
24,2005,1.23
25,2005,0.758
26,2005,0.825
27,2005,0.147
28,2005,1.488
29,2005,1.157
30,2005,0.889
31,2005,0.9
32,2005,0.162
33,2005,1.438
34,2005,1.438
35,2005,1.252
36,2005,0.69
37,2005,1.026
38,2005,1.303
39,2005,0.536
40,2005,0.894
41,2005,1.136
42,2005,0.116
43,2005,0.742
44,2005,0.742
45,2005,1.04
46,2005,0.834
47,2005,0.583
48,2005,1.093
49,2005,0.872
50,2005,0.773
51,2005,0.561
52,2005,0.291
53,2005,0.449
54,2005,0.374
55,2005,0.739
56,2005,1.277
57,2005,1.114
58,2005,0.928
59,2005,0.842
60,2005,0.675
61,2005,0.51
62,2005,0.545
63,2005,0.841
64,2005,0.742
65,2005,1.574
66,2005,1.269
67,2005,1.037
68,2005,1.529
69,2005,1.529
70,2005,0.545
71,2005,0.539
72,2005,2.199
73,2005,1.039
74,2005,0.527
75,2005,0.774
76,2005,1.523
77,2005,0.516
78,2005,1.024
79,2005,1.021
80,2005,0.759
81,2005,0.223
82,2005,1.899
83,2005,1.258
84,2005,0.918
85,2005,0.924
86,2005,1.742
87,2005,1.206
88,2005,1.436
89,2005,1.385
90,2005,0.897
91,2005,0.446
92,2005,0.851
93,2005,0.253
94,2005,0.458
95,2005,0.558
96,2005,0.709
97,2005,0.779
98,2005,0.541
99,2005,1.163
100,2005,1.149
101,2005,0.254
102,2005,0.594
103,2005,0.856
104,2005,0.715
105,2005,0.172
106,2005,1.553
107,2005,0.928
108,2005,0.928
109,2005,0.85
110,2005,0.94
111,2005,0.727
112,2005,1.176
113,2005,0.766
114,2005,1.345
115,2005,0.295
116,2005,1.419
117,2005,1.028
118,2005,0.725
119,2005,0.668
120,2005,1.209
121,2005,1.142
122,2005,0.425
123,2005,1.452
124,2005,0.773
125,2005,0.899
126,2005,1.373
127,2005,0.809
128,2005,0.432
129,2005,0.995
130,2005,1.204
131,2005,0.226
132,2005,0.605
133,2005,0.783
134,2005,0.4
135,2005,0.86
136,2005,0.842
137,2005,0.92
138,2005,0.92
139,2005,0.929
140,2005,1.264
141,2005,1.164
142,2005,0.906
143,2005,0.785
144,2005,0.785
145,2005,0.698
146,2005,1.266
147,2005,0.547
148,2005,0.403
149,2005,0.697
150,2005,1.208
151,2005,1.238
152,2005,1.238
153,2005,0.566
154,2005,0.151
155,2005,1.753
156,2005,1.059
157,2005,1.158
158,2005,0.127
159,2005,0.404
160,2005,0.652
161,2005,0.53
162,2005,0.616
163,2005,0.803
164,2005,0.787
165,2005,-0.429
166,2005,0.889
167,2005,0.883
168,2005,0.818
169,2005,0.926
170,2005,0.295
171,2005,1.7
172,2005,1.7
173,2005,0.969
174,2005,0.866
175,2005,0.443
199,2005,0.713
176,2005,0.557
177,2005,1.405
178,2005,1.405
179,2005,0.474
180,2005,1.123
181,2005,0.627
182,2005,0.41
183,2005,0.494
184,2005,0.262
185,2005,1.152
186,2005,1.192
187,2005,1.192
188,2005,0.833
189,2005,0.733
190,2005,0.929
191,2005,1.148
192,2005,1.259
193,2005,1.259
194,2005,2.001
195,2005,2.445
196,2005,1.815
197,2005,0.833
198,2005,0.233
200,2005,0.677
201,2005,0.733
202,2005,1.07
203,2005,0.77
204,2005,0.946
205,2005,1.112
206,2005,1.112
207,2005,0.754
208,2005,1.29
209,2005,1.131
210,2005,1.343
211,2005,1.343
212,2005,0.805
213,2005,1.351
214,2005,1.027
215,2005,0.7
216,2005,1.113
217,2005,1.155
218,2005,0.875
219,2005,0.818
220,2005,1.373
221,2005,0.423
222,2005,0.913
223,2005,0.814
224,2005,0.512
225,2005,0.253
226,2005,1.198
227,2005,1.11
228,2005,1.11
229,2005,1.22
230,2005,1.283
0,2006,1.799
1,2006,0.947
2,2006,0.402
3,2006,1.432
4,2006,0.536
5,2006,1.375
6,2006,1.491
7,2006,0.528
8,2006,0.715
9,2006,0.752
10,2006,0.499
11,2006,1.632
12,2006,0.651
13,2006,1.117
14,2006,0.629
15,2006,0.904
16,2006,1.558
17,2006,0.077
18,2006,1.819
19,2006,1.032
20,2006,0.961
21,2006,0.665
22,2006,1.417
23,2006,0.637
24,2006,1.128
25,2006,0.986
26,2006,0.956
27,2006,0.623
28,2006,-0.194
29,2006,0.836
30,2006,0.677
31,2006,0.588
32,2006,0.527
33,2006,1.155
34,2006,1.155
35,2006,1.436
36,2006,0.659
37,2006,1.066
38,2006,2.369
39,2006,0.456
40,2006,0.897
41,2006,1.357
42,2006,0.414
43,2006,0.92
44,2006,0.92
45,2006,1.224
46,2006,0.693
47,2006,0.389
48,2006,0.979
49,2006,0.873
50,2006,0.972
51,2006,0.451
52,2006,0.722
53,2006,0.685
54,2006,0.66
55,2006,0.942
56,2006,1.343
57,2006,0.784
58,2006,0.751
59,2006,0.79
60,2006,0.656
61,2006,0.707
62,2006,0.573
63,2006,0.69
64,2006,0.876
65,2006,1.235
66,2006,0.462
67,2006,0.913
68,2006,0.668
69,2006,0.668
70,2006,1.193
71,2006,0.592
72,2006,1.2
73,2006,1.33
74,2006,0.691
75,2006,0.764
76,2006,1.219
77,2006,1.218
78,2006,1.256
79,2006,1.048
80,2006,1.357
81,2006,0.274
82,2006,1.677
83,2006,0.792
84,2006,0.733
85,2006,0.736
86,2006,1.181
87,2006,1.125
88,2006,1.178
89,2006,1.062
90,2006,0.774
91,2006,0.611
92,2006,0.603
93,2006,0.706
94,2006,1.038
95,2006,0.635
96,2006,0.388
97,2006,1.81
98,2006,1.629
99,2006,1.151
100,2006,1.215
101,2006,0.635
102,2006,0.867
103,2006,0.88
104,2006,0.365
105,2006,0.754
106,2006,1.435
107,2006,0.976
108,2006,0.105
109,2006,0.687
110,2006,0.525
111,2006,1.935
112,2006,1.615
113,2006,0.755
114,2006,1.076
115,2006,0.72
116,2006,0.794
117,2006,1.041
118,2006,0.826
119,2006,0.964
120,2006,0.926
121,2006,1.375
122,2006,0.596
123,2006,1.121
124,2006,0.515
125,2006,0.442
126,2006,1.083
127,2006,1.078
128,2006,0.363
129,2006,0.801
130,2006,1.306
131,2006,0.089
132,2006,0.388
133,2006,0.911
134,2006,0.448
135,2006,0.294
136,2006,1.213
137,2006,1.223
138,2006,0.484
139,2006,0.752
140,2006,1.466
141,2006,0.702
142,2006,0.765
143,2006,-0.09
144,2006,-0.09
145,2006,0.809
146,2006,1.523
147,2006,0.451
148,2006,0.351
149,2006,0.677
150,2006,1.224
151,2006,1.315
152,2006,1.315
153,2006,0.448
154,2006,0.39
155,2006,1.504
156,2006,0.591
157,2006,1.218
158,2006,0.973
159,2006,0.437
160,2006,0.554
161,2006,0.149
162,2006,1.012
163,2006,0.76
164,2006,0.829
165,2006,0.332
166,2006,0.841
167,2006,1.449
168,2006,0.776
169,2006,1.719
170,2006,0.518
171,2006,0.546
172,2006,0.546
173,2006,1.879
174,2006,0.456
175,2006,0.846
199,2006,0.773
176,2006,1.203
177,2006,1.401
178,2006,0.56
179,2006,0.44
180,2006,1.055
181,2006,0.382
182,2006,0.631
183,2006,0.885
184,2006,0.051
185,2006,0.945
186,2006,0.461
187,2006,0.461
188,2006,1.463
189,2006,0.502
190,2006,0.752
191,2006,0.835
192,2006,0.79
193,2006,0.79
194,2006,1.592
195,2006,3.884
196,2006,1.478
197,2006,1.125
198,2006,1.003
200,2006,0.722
201,2006,1.571
202,2006,0.9
203,2006,0.559
204,2006,0.049
205,2006,1.098
206,2006,1.098
207,2006,0.535
208,2006,0.859
209,2006,1.358
210,2006,1.762
211,2006,1.762
212,2006,0.662
213,2006,1.134
214,2006,0.275
215,2006,1.218
216,2006,1.239
217,2006,1.029
218,2006,0.693
219,2006,0.587
220,2006,1.57
221,2006,0.304
222,2006,0.726
223,2006,0.895
224,2006,0.444
225,2006,0.63
226,2006,1.475
227,2006,1.059
228,2006,1.059
229,2006,0.634
230,2006,-0.028
0,2007,0.699
1,2007,0.817
2,2007,1.377
3,2007,1.254
4,2007,0.969
5,2007,0.985
6,2007,1.015
7,2007,0.861
8,2007,0.998
9,2007,0.987
10,2007,-0.273
11,2007,0.746
12,2007,1.066
13,2007,1.194
14,2007,0.842
15,2007,2.137
16,2007,1.016
17,2007,0.754
18,2007,1.03
19,2007,0.451
20,2007,0.818
21,2007,2.379
22,2007,1.896
23,2007,0.839
24,2007,0.889
25,2007,0.987
26,2007,0.571
27,2007,1.894
28,2007,0.667
29,2007,0.989
30,2007,1.009
31,2007,0.645
32,2007,1.837
33,2007,0.86
34,2007,1.334
35,2007,0.901
36,2007,0.542
37,2007,0.664
38,2007,1.351
39,2007,0.608
40,2007,0.312
41,2007,0.589
42,2007,-0.386
43,2007,1.031
44,2007,1.031
45,2007,1.527
46,2007,0.774
47,2007,0.721
48,2007,0.82
49,2007,0.783
50,2007,1.002
51,2007,0.601
52,2007,1.985
53,2007,0.753
54,2007,0.851
55,2007,2.161
56,2007,2.132
57,2007,0.908
58,2007,0.986
59,2007,1.06
60,2007,0.665
61,2007,0.571
62,2007,0.573
63,2007,0.867
64,2007,0.245
65,2007,2.24
66,2007,1.181
67,2007,0.823
68,2007,2.298
69,2007,2.298
70,2007,1.01
71,2007,0.906
72,2007,1.942
73,2007,1.423
74,2007,0.707
75,2007,0.905
76,2007,1.095
77,2007,0.877
78,2007,2.091
79,2007,0.949
80,2007,0.735
81,2007,1.09
82,2007,1.409
83,2007,0.774
84,2007,0.992
85,2007,0.742
86,2007,1.397
87,2007,0.99
88,2007,0.976
89,2007,1.084
90,2007,0.912
91,2007,1.314
92,2007,0.736
93,2007,2.146
94,2007,1.113
95,2007,0.6
96,2007,0.43
97,2007,0.836
98,2007,0.983
99,2007,1.344
100,2007,1.315
101,2007,0.538
102,2007,1.577
103,2007,0.876
104,2007,0.978
105,2007,0.512
106,2007,2.184
107,2007,0.723
108,2007,0.456
109,2007,1.6
110,2007,1.296
111,2007,1.107
112,2007,1.681
113,2007,0.494
114,2007,2.195
115,2007,0.71
116,2007,1.043
117,2007,0.964
118,2007,0.766
119,2007,1.946
120,2007,2.199
121,2007,1.96
122,2007,0.496
123,2007,1.062
124,2007,0.552
125,2007,0.489
126,2007,0.913
127,2007,1.454
128,2007,0.368
129,2007,0.954
130,2007,0.893
131,2007,0.214
132,2007,0.836
133,2007,0.484
134,2007,0.365
135,2007,2.376
136,2007,1.676
137,2007,2.731
138,2007,1.706
139,2007,0.987
140,2007,1.005
141,2007,0.821
142,2007,0.442
143,2007,1.026
144,2007,1.026
145,2007,0.489
146,2007,2.091
147,2007,0.853
148,2007,0.202
149,2007,0.791
150,2007,0.935
151,2007,0.947
152,2007,0.947
153,2007,0.534
154,2007,1.531
155,2007,1.699
156,2007,0.793
157,2007,1.056
158,2007,0.598
159,2007,0.527
160,2007,0.541
161,2007,0.337
162,2007,0.342
163,2007,0.568
164,2007,0.877
165,2007,-0.092
166,2007,2.153
167,2007,0.667
168,2007,1.009
169,2007,1.049
170,2007,2.123
171,2007,2.48
172,2007,1.339
173,2007,0.41
174,2007,0.884
175,2007,1.792
199,2007,1.003
176,2007,0.713
177,2007,1.256
178,2007,1.891
179,2007,0.818
180,2007,0.778
181,2007,0.091
182,2007,2.149
183,2007,2.192
184,2007,0.384
185,2007,1.165
186,2007,0.878
187,2007,0.878
188,2007,0.77
189,2007,0.496
190,2007,0.987
191,2007,0.857
192,2007,0.776
193,2007,0.776
194,2007,1.609
195,2007,3.049
196,2007,1.93
197,2007,1.845
198,2007,0.773
200,2007,0.796
201,2007,1.105
202,2007,0.82
203,2007,0.42
204,2007,0.346
205,2007,0.95
206,2007,0.95
207,2007,0.913
208,2007,0.759
209,2007,1.471
210,2007,1.169
211,2007,1.169
212,2007,0.753
213,2007,0.581
214,2007,2.381
215,2007,0.772
216,2007,1.327
217,2007,1.143
218,2007,1.007
219,2007,0.168
220,2007,1.377
221,2007,0.763
222,2007,0.774
223,2007,0.553
224,2007,0.926
225,2007,0.534
226,2007,0.983
227,2007,1.201
228,2007,1.201
229,2007,0.867
230,2007,0.404
0,2008,0.732
1,2008,0.725
2,2008,1.02
3,2008,1.219
4,2008,0.561
5,2008,0.62
6,2008,0.918
7,2008,0.32
8,2008,0.458
9,2008,0.395
10,2008,0.485
11,2008,0.873
12,2008,0.411
13,2008,0.882
14,2008,0.541
15,2008,1.587
16,2008,0.921
17,2008,0.835
18,2008,1.289
19,2008,0.229
20,2008,0.473
21,2008,2.269
22,2008,1.265
23,2008,0.567
24,2008,0.727
25,2008,0.555
26,2008,0.449
27,2008,1.41
28,2008,0.576
29,2008,0.73
30,2008,0.522
31,2008,0.458
32,2008,1.13
33,2008,0.301
34,2008,0.301
35,2008,1.383
36,2008,0.364
37,2008,0.623
38,2008,0.876
39,2008,0.416
40,2008,0.463
41,2008,0.46
42,2008,0.332
43,2008,0.431
44,2008,0.431
45,2008,1.079
46,2008,0.499
47,2008,0.354
48,2008,0.628
49,2008,0.751
50,2008,0.866
51,2008,0.144
52,2008,1.465
53,2008,0.398
54,2008,1.067
55,2008,1.642
56,2008,1.857
57,2008,0.41
58,2008,0.393
59,2008,0.49
60,2008,0.58
61,2008,0.898
62,2008,0.319
63,2008,0.729
64,2008,1.049
65,2008,2.573
66,2008,0.701
67,2008,0.793
68,2008,2.012
69,2008,2.012
70,2008,0.947
71,2008,0.436
72,2008,2.123
73,2008,1.006
74,2008,0.216
75,2008,0.774
76,2008,1.373
77,2008,0.649
78,2008,1.543
79,2008,0.728
80,2008,0.889
81,2008,0.873
82,2008,0.866
83,2008,0.623
84,2008,0.426
85,2008,0.311
86,2008,1.158
87,2008,1.099
88,2008,1.347
89,2008,0.974
90,2008,0.432
91,2008,0.967
92,2008,0.484
93,2008,1.499
94,2008,0.766
95,2008,0.263
96,2008,0.226
97,2008,1.059
98,2008,1.171
99,2008,0.822
100,2008,0.804
101,2008,0.769
102,2008,1.157
103,2008,0.511
104,2008,0.648
105,2008,0.732
106,2008,1.541
107,2008,0.792
108,2008,0.424
109,2008,1.51
110,2008,0.988
111,2008,1.344
112,2008,0.987
113,2008,0.161
114,2008,2.387
115,2008,0.983
116,2008,1.168
117,2008,1.112
118,2008,0.789
119,2008,1.408
120,2008,2.221
121,2008,1.294
122,2008,0.322
123,2008,0.467
124,2008,0.418
125,2008,0.288
126,2008,0.527
127,2008,1.331
128,2008,0.12
129,2008,0.401
130,2008,1.172
131,2008,-0.185
132,2008,0.415
133,2008,0.547
134,2008,0.209
135,2008,1.542
136,2008,1.135
137,2008,1.767
138,2008,1.274
139,2008,0.395
140,2008,1.149
141,2008,0.405
142,2008,0.452
143,2008,0.666
144,2008,0.666
145,2008,0.331
146,2008,1.443
147,2008,0.791
148,2008,0.522
149,2008,0.281
150,2008,0.413
151,2008,0.696
152,2008,0.696
153,2008,0.423
154,2008,1.139
155,2008,1.615
156,2008,0.524
157,2008,0.929
158,2008,0.314
159,2008,0.314
160,2008,0.269
161,2008,0.243
162,2008,0.381
163,2008,0.634
164,2008,0.543
165,2008,-0.174
166,2008,1.757
167,2008,0.557
168,2008,0.493
169,2008,1.231
170,2008,1.325
171,2008,2.211
172,2008,2.211
173,2008,0.491
174,2008,0.474
175,2008,1.248
199,2008,0.717
176,2008,0.906
177,2008,1.331
178,2008,1.343
179,2008,0.381
180,2008,1.178
181,2008,0.105
182,2008,1.523
183,2008,1.602
184,2008,1.602
185,2008,0.937
186,2008,0.734
187,2008,0.734
188,2008,0.799
189,2008,0.413
190,2008,0.395
191,2008,0.5
192,2008,0.627
193,2008,0.627
194,2008,1.587
195,2008,1.839
196,2008,1.951
197,2008,1.238
198,2008,1.02
200,2008,0.591
201,2008,0.811
202,2008,0.509
203,2008,0.263
204,2008,0.059
205,2008,0.852
206,2008,0.852
207,2008,0.463
208,2008,0.589
209,2008,1.47
210,2008,0.771
211,2008,0.771
212,2008,0.37
213,2008,0.717
214,2008,1.622
215,2008,0.771
216,2008,0.825
217,2008,0.211
218,2008,0.516
219,2008,0.728
220,2008,0.707
221,2008,0.61
222,2008,0.626
223,2008,0.248
224,2008,0.498
225,2008,0.767
226,2008,1.461
227,2008,0.926
228,2008,0.926
229,2008,0.31
230,2008,0.323
0,2009,0.958
1,2009,0.973
2,2009,0.944
3,2009,0.969
4,2009,0.875
5,2009,0.68
6,2009,1.393
7,2009,0.601
8,2009,0.639
9,2009,0.61
10,2009,0.733
11,2009,0.689
12,2009,0.877
13,2009,1.084
14,2009,0.949
15,2009,1.548
16,2009,0.814
17,2009,0.367
18,2009,1.174
19,2009,1.066
20,2009,0.607
21,2009,1.613
22,2009,1.161
23,2009,0.907
24,2009,1.039
25,2009,1.421
26,2009,0.71
27,2009,1.421
28,2009,0.086
29,2009,0.966
30,2009,0.669
31,2009,0.826
32,2009,1.241
33,2009,0.943
34,2009,0.943
35,2009,0.857
36,2009,0.42
37,2009,1.018
38,2009,0.558
39,2009,0.319
40,2009,0.895
41,2009,1.242
42,2009,0.34
43,2009,0.95
44,2009,0.95
45,2009,1.326
46,2009,0.98
47,2009,0.612
48,2009,0.899
49,2009,0.775
50,2009,0.71
51,2009,0.863
52,2009,1.505
53,2009,0.661
54,2009,1.018
55,2009,1.422
56,2009,1.322
57,2009,1.482
58,2009,0.609
59,2009,0.617
60,2009,0.976
61,2009,0.884
62,2009,0.916
63,2009,0.828
64,2009,1.716
65,2009,1.594
66,2009,0.463
67,2009,1.315
68,2009,1.223
69,2009,1.223
70,2009,1.502
71,2009,0.152
72,2009,1.687
73,2009,1.223
74,2009,0.632
75,2009,0.801
76,2009,0.67
77,2009,0.632
78,2009,1.28
79,2009,0.873
80,2009,1.175
81,2009,0.753
82,2009,0.83
83,2009,0.614
84,2009,0.624
85,2009,0.844
86,2009,1.559
87,2009,0.973
88,2009,0.791
89,2009,1.451
90,2009,0.753
91,2009,1.012
92,2009,0.788
93,2009,1.616
94,2009,0.927
95,2009,1.143
96,2009,0.532
97,2009,1.147
98,2009,0.873
99,2009,0.788
100,2009,0.846
101,2009,0.833
102,2009,1.255
103,2009,0.794
104,2009,0.789
105,2009,0.558
106,2009,1.17
107,2009,1.405
108,2009,0.778
109,2009,1.057
110,2009,0.983
111,2009,1.233
112,2009,0.958
113,2009,0.533
114,2009,1.508
115,2009,0.826
116,2009,0.783
117,2009,1.34
118,2009,0.668
119,2009,1.423
120,2009,1.393
121,2009,1.195
122,2009,0.667
123,2009,0.757
124,2009,0.673
125,2009,0.635
126,2009,0.961
127,2009,1.131
128,2009,0.323
129,2009,0.609
130,2009,0.764
131,2009,0.425
132,2009,0.601
133,2009,1.043
134,2009,0.412
135,2009,1.771
136,2009,1.519
137,2009,1.407
138,2009,1.241
139,2009,0.61
140,2009,1.234
141,2009,0.577
142,2009,0.882
143,2009,0.517
144,2009,0.517
145,2009,1.111
146,2009,1.229
147,2009,0.567
148,2009,0.018
149,2009,0.768
150,2009,1.505
151,2009,1.388
152,2009,1.388
153,2009,0.597
154,2009,1.017
155,2009,1.4
156,2009,0.877
157,2009,1.145
158,2009,0.96
159,2009,0.545
160,2009,0.79
161,2009,0.28
162,2009,1.011
163,2009,0.883
164,2009,0.677
165,2009,-0.334
166,2009,1.278
167,2009,1.263
168,2009,0.649
169,2009,1.177
170,2009,1.599
171,2009,1.175
172,2009,1.175
173,2009,0.73
174,2009,0.801
175,2009,1.361
199,2009,0.923
176,2009,1.002
177,2009,0.73
178,2009,1.371
179,2009,0.647
180,2009,0.899
181,2009,0.581
182,2009,1.492
183,2009,1.658
184,2009,0.181
185,2009,1.559
186,2009,0.76
187,2009,0.76
188,2009,1.287
189,2009,0.639
190,2009,0.61
191,2009,0.609
192,2009,0.61
193,2009,0.61
194,2009,2.054
195,2009,1.904
196,2009,1.431
197,2009,1.408
198,2009,0.619
200,2009,0.784
201,2009,0.776
202,2009,0.959
203,2009,0.373
204,2009,0.473
205,2009,0.965
206,2009,0.965
207,2009,0.519
208,2009,0.706
209,2009,0.961
210,2009,1.137
211,2009,1.137
212,2009,0.68
213,2009,1.287
214,2009,1.601
215,2009,0.9
216,2009,0.937
217,2009,0.401
218,2009,0.667
219,2009,0.543
220,2009,1.065
221,2009,0.318
222,2009,0.907
223,2009,0.739
224,2009,0.524
225,2009,0.836
226,2009,1.032
227,2009,0.936
228,2009,0.936
229,2009,0.396
230,2009,-0.019
0,2010,1.666
1,2010,1.51
2,2010,1.241
3,2010,2.272
4,2010,1.007
5,2010,1.527
6,2010,0.445
7,2010,1.143
8,2010,1.295
9,2010,1.377
10,2010,0.03
11,2010,2.705
12,2010,1.429
13,2010,1.266
14,2010,0.605
15,2010,0.665
16,2010,2.365
17,2010,0.229
18,2010,2.217
19,2010,1.054
20,2010,1.343
21,2010,1.461
22,2010,0.238
23,2010,0.822
24,2010,1.323
25,2010,1.253
26,2010,0.761
27,2010,0.998
28,2010,1.389
29,2010,1.133
30,2010,1.212
31,2010,0.921
32,2010,1.309
33,2010,1.275
34,2010,1.275
35,2010,1.275
36,2010,1.156
37,2010,1.162
38,2010,2.934
39,2010,0.521
40,2010,0.967
41,2010,1.293
42,2010,-0.191
43,2010,0.49
44,2010,0.49
45,2010,0.958
46,2010,1.142
47,2010,0.853
48,2010,1.291
49,2010,1.292
50,2010,1.214
51,2010,0.727
52,2010,0.873
53,2010,0.591
54,2010,2.027
55,2010,0.412
56,2010,-0.196
57,2010,1.138
58,2010,1.377
59,2010,1.06
60,2010,0.911
61,2010,2.299
62,2010,0.575
63,2010,0.947
64,2010,1.629
65,2010,0.514
66,2010,1.288
67,2010,1.272
68,2010,0.801
69,2010,0.801
70,2010,0.318
71,2010,0.656
72,2010,0.236
73,2010,0.403
74,2010,0.608
75,2010,1.127
76,2010,1.251
77,2010,2.402
78,2010,0.196
79,2010,1.245
80,2010,1.244
81,2010,1.567
82,2010,3.231
83,2010,1.394
84,2010,1.336
85,2010,0.778
86,2010,1.778
87,2010,1.331
88,2010,1.192
89,2010,1.467
90,2010,1.02
91,2010,0.755
92,2010,0.75
93,2010,0.81
94,2010,1.18
95,2010,1.134
96,2010,0.742
97,2010,2.191
98,2010,2.686
99,2010,-0.122
100,2010,-0.137
101,2010,2.299
102,2010,0.788
103,2010,1.319
104,2010,0.909
105,2010,2.604
106,2010,1.285
107,2010,1.21
108,2010,0.486
109,2010,0.373
110,2010,0.52
111,2010,2.528
112,2010,1.329
113,2010,1.248
114,2010,0.669
115,2010,2.318
116,2010,1.301
117,2010,1.349
118,2010,1.966
119,2010,0.507
120,2010,0.743
121,2010,0.333
122,2010,0.92
123,2010,1.21
124,2010,0.908
125,2010,0.785
126,2010,1.655
127,2010,1.347
128,2010,0.493
129,2010,1.366
130,2010,1.846
131,2010,0.706
132,2010,0.841
133,2010,0.296
134,2010,0.6
135,2010,1.292
136,2010,0.512
137,2010,0.317
138,2010,1.209
139,2010,1.377
140,2010,2.09
141,2010,1.106
142,2010,1.182
143,2010,1.219
144,2010,1.219
145,2010,1.137
146,2010,0.111
147,2010,0.878
148,2010,0.556
149,2010,0.671
150,2010,1.679
151,2010,1.512
152,2010,1.512
153,2010,0.86
154,2010,1.363
155,2010,-0.337
156,2010,0.621
157,2010,1.54
158,2010,1.219
159,2010,0.485
160,2010,0.854
161,2010,0.909
162,2010,0.452
163,2010,1.107
164,2010,1.018
165,2010,-0.145
166,2010,0.404
167,2010,1.009
168,2010,1.181
169,2010,2.06
170,2010,1.151
171,2010,0.864
172,2010,0.864
173,2010,1.336
174,2010,0.971
175,2010,0.702
199,2010,1.034
176,2010,2.154
177,2010,1.45
178,2010,1.171
179,2010,0.823
180,2010,1.327
181,2010,0.6
182,2010,0.682
183,2010,0.801
184,2010,0.62
185,2010,1.352
186,2010,1.157
187,2010,1.157
188,2010,0.85
189,2010,1.008
190,2010,1.377
191,2010,1.371
192,2010,1.395
193,2010,1.395
194,2010,2.175
195,2010,2.271
196,2010,-0.285
197,2010,0.483
198,2010,2.456
200,2010,0.56
201,2010,1.333
202,2010,1.102
203,2010,1.177
204,2010,0.693
205,2010,1.342
206,2010,1.342
207,2010,0.981
208,2010,1.399
209,2010,1.859
210,2010,1.978
211,2010,1.978
212,2010,0.94
213,2010,1.284
214,2010,1.631
215,2010,1.514
216,2010,-0.065
217,2010,0.701
218,2010,1.209
219,2010,0.29
220,2010,1.787
221,2010,0.792
222,2010,1.268
223,2010,1.154
224,2010,0.815
225,2010,2.299
226,2010,2.06
227,2010,1.289
228,2010,1.289
229,2010,1.441
230,2010,1.052
0,2011,1.455
1,2011,0.906
2,2011,1.136
3,2011,1.407
4,2011,0.704
5,2011,0.944
6,2011,1.655
7,2011,0.819
8,2011,0.592
9,2011,0.654
10,2011,0.255
11,2011,0.673
12,2011,0.555
13,2011,0.714
14,2011,0.14
15,2011,1.379
16,2011,0.796
17,2011,0.389
18,2011,1.362
19,2011,0.382
20,2011,0.913
21,2011,1.027
22,2011,1.294
23,2011,0.699
24,2011,1.045
25,2011,0.551
26,2011,1.208
27,2011,1.167
28,2011,0.317
29,2011,0.806
30,2011,0.53
31,2011,0.575
32,2011,0.369
33,2011,1.012
34,2011,1.012
35,2011,1.453
36,2011,0.417
37,2011,0.572
38,2011,1.463
39,2011,0.207
40,2011,0.499
41,2011,0.954
42,2011,0.022
43,2011,0.393
44,2011,0.393
45,2011,0.786
46,2011,0.591
47,2011,0.489
48,2011,0.736
49,2011,0.64
50,2011,1.085
51,2011,0.252
52,2011,1.275
53,2011,0.581
54,2011,0.719
55,2011,1.041
56,2011,0.678
57,2011,1.009
58,2011,0.653
59,2011,0.461
60,2011,0.844
61,2011,0.598
62,2011,0.56
63,2011,0.607
64,2011,1.506
65,2011,1.272
66,2011,0.693
67,2011,1.101
68,2011,1.531
69,2011,1.531
70,2011,1.116
71,2011,0.652
72,2011,1.344
73,2011,1.54
74,2011,0.073
75,2011,0.586
76,2011,1.004
77,2011,0.408
78,2011,1.121
79,2011,0.872
80,2011,1.574
81,2011,0.388
82,2011,1.618
83,2011,0.873
84,2011,0.623
85,2011,0.516
86,2011,1.345
87,2011,1.07
88,2011,1.024
89,2011,1.095
90,2011,0.539
91,2011,1.024
92,2011,0.656
93,2011,0.896
94,2011,0.991
95,2011,0.345
96,2011,0.306
97,2011,1.318
98,2011,0.884
99,2011,0.54
100,2011,0.657
101,2011,0.566
102,2011,1.27
103,2011,0.612
104,2011,0.579
105,2011,0.519
106,2011,0.716
107,2011,1.098
108,2011,0.503
109,2011,0.502
110,2011,0.325
111,2011,1.308
112,2011,1.177
113,2011,0.01
114,2011,1.132
115,2011,0.625
116,2011,0.747
117,2011,1.022
118,2011,0.821
119,2011,1.676
120,2011,0.942
121,2011,1.35
122,2011,0.832
123,2011,0.98
124,2011,0.545
125,2011,0.639
126,2011,1.227
127,2011,1.028
128,2011,0.304
129,2011,0.688
130,2011,1.494
131,2011,0.414
132,2011,0.587
133,2011,1.017
134,2011,0.466
135,2011,0.425
136,2011,1.434
137,2011,0.774
138,2011,1.019
139,2011,0.654
140,2011,1.771
141,2011,0.786
142,2011,0.486
143,2011,-0.473
144,2011,-0.473
145,2011,0.212
146,2011,1.08
147,2011,0.673
148,2011,0.63
149,2011,0.391
150,2011,1.087
151,2011,0.951
152,2011,0.951
153,2011,0.961
154,2011,0.752
155,2011,1.394
156,2011,0.165
157,2011,1.277
158,2011,0.769
159,2011,0.452
160,2011,0.444
161,2011,0.254
162,2011,0.735
163,2011,0.886
164,2011,0.585
165,2011,0.585
166,2011,0.766
167,2011,1.496
168,2011,0.53
169,2011,1.495
170,2011,0.486
171,2011,1.686
172,2011,1.686
173,2011,1.174
174,2011,0.582
175,2011,1.273
199,2011,0.719
176,2011,0.839
177,2011,1.186
178,2011,0.751
179,2011,0.731
180,2011,0.975
181,2011,0.379
182,2011,0.838
183,2011,1.387
184,2011,0.298
185,2011,1.148
186,2011,0.474
187,2011,1.32
188,2011,1.555
189,2011,0.663
190,2011,0.654
191,2011,0.803
192,2011,0.882
193,2011,0.856
194,2011,1.692
195,2011,2.105
196,2011,1.262
197,2011,1.697
198,2011,0.628
200,2011,0.119
201,2011,1.407
202,2011,0.802
203,2011,0.132
204,2011,-0.342
205,2011,0.963
206,2011,0.963
207,2011,0.606
208,2011,0.73
209,2011,1.134
210,2011,1.182
211,2011,1.182
212,2011,0.83
213,2011,0.872
214,2011,0.567
215,2011,1.187
216,2011,0.837
217,2011,0.541
218,2011,0.532
219,2011,0.473
220,2011,1.052
221,2011,0.509
222,2011,0.674
223,2011,0.177
224,2011,0.569
225,2011,0.567
226,2011,1.698
227,2011,0.934
228,2011,0.934
229,2011,0.972
230,2011,0.488
0,2012,0.267
1,2012,0.758
2,2012,1.559
3,2012,1.171
4,2012,0.734
5,2012,1.456
6,2012,1.242
7,2012,0.478
8,2012,0.816
9,2012,0.751
10,2012,0.675
11,2012,1.319
12,2012,0.79
13,2012,0.717
14,2012,0.239
15,2012,1.787
16,2012,1.5
17,2012,0.339
18,2012,1.315
19,2012,0.541
20,2012,0.785
21,2012,1.573
22,2012,1.143
23,2012,0.62
24,2012,0.69
25,2012,0.473
26,2012,0.901
27,2012,1.805
28,2012,0.823
29,2012,1.077
30,2012,0.881
31,2012,0.763
32,2012,1.627
33,2012,0.504
34,2012,0.504
35,2012,1.418
36,2012,0.872
37,2012,0.401
38,2012,2.161
39,2012,0.275
40,2012,0.203
41,2012,0.519
42,2012,0.494
43,2012,0.546
44,2012,0.546
45,2012,0.625
46,2012,0.785
47,2012,0.453
48,2012,0.484
49,2012,0.626
50,2012,0.82
51,2012,0.332
52,2012,1.865
53,2012,0.654
54,2012,0.944
55,2012,1.579
56,2012,1.136
57,2012,1.136
58,2012,0.751
59,2012,0.686
60,2012,0.699
61,2012,0.92
62,2012,0.702
63,2012,0.582
64,2012,1.489
65,2012,1.432
66,2012,0.68
67,2012,0.996
68,2012,1.774
69,2012,1.774
70,2012,0.425
71,2012,0.367
72,2012,1.532
73,2012,1.228
74,2012,0.575
75,2012,0.593
76,2012,0.913
77,2012,1.235
78,2012,1.35
79,2012,0.635
80,2012,0.871
81,2012,1.227
82,2012,1.544
83,2012,0.735
84,2012,0.783
85,2012,0.616
86,2012,1.319
87,2012,0.535
88,2012,0.801
89,2012,1.183
90,2012,0.752
91,2012,1.5
92,2012,0.565
93,2012,1.738
94,2012,0.714
95,2012,0.48
96,2012,0.432
97,2012,1.087
98,2012,1.281
99,2012,0.691
100,2012,0.588
101,2012,1.031
102,2012,1.567
103,2012,0.762
104,2012,0.37
105,2012,1.102
106,2012,1.131
107,2012,0.981
108,2012,0.603
109,2012,0.401
110,2012,0.407
111,2012,1.497
112,2012,0.25
113,2012,0.843
114,2012,1.389
115,2012,0.999
116,2012,1.216
117,2012,0.797
118,2012,0.795
119,2012,1.638
120,2012,1.359
121,2012,1.276
122,2012,0.641
123,2012,0.998
124,2012,0.704
125,2012,0.628
126,2012,0.421
127,2012,1.524
128,2012,0.687
129,2012,0.755
130,2012,0.829
131,2012,0.304
132,2012,0.512
133,2012,0.909
134,2012,0.76
135,2012,2.003
136,2012,1.459
137,2012,0.238
138,2012,1.681
139,2012,0.751
140,2012,1.365
141,2012,0.841
142,2012,0.893
143,2012,-0.104
144,2012,-0.104
145,2012,0.411
146,2012,1.163
147,2012,0.385
148,2012,0.073
149,2012,0.498
150,2012,0.719
151,2012,0.614
152,2012,0.614
153,2012,0.491
154,2012,1.464
155,2012,1.051
156,2012,0.23
157,2012,1.208
158,2012,0.205
159,2012,0.641
160,2012,0.47
161,2012,0.147
162,2012,0.943
163,2012,0.987
164,2012,0.879
165,2012,0.879
166,2012,1.381
167,2012,0.688
168,2012,0.831
169,2012,1.439
170,2012,1.816
171,2012,1.914
172,2012,1.914
173,2012,2.004
174,2012,0.651
175,2012,1.691
199,2012,0.782
176,2012,1.232
177,2012,0.868
178,2012,1.704
179,2012,0.703
180,2012,0.462
181,2012,0.662
182,2012,1.574
183,2012,1.965
184,2012,0.406
185,2012,1.015
186,2012,0.644
187,2012,1.006
188,2012,0.977
189,2012,0.9
190,2012,0.751
191,2012,0.752
192,2012,0.732
193,2012,0.982
194,2012,1.788
195,2012,3.824
196,2012,1.306
197,2012,1.539
198,2012,1.012
200,2012,0.409
201,2012,-0.044
202,2012,0.891
203,2012,0.79
204,2012,-0.078
205,2012,0.664
206,2012,0.664
207,2012,0.698
208,2012,0.792
209,2012,1.707
210,2012,0.874
211,2012,0.874
212,2012,0.637
213,2012,0.916
214,2012,1.943
215,2012,1.162
216,2012,0.562
217,2012,1.458
218,2012,0.876
219,2012,0.875
220,2012,0.686
221,2012,0.196
222,2012,0.667
223,2012,0.81
224,2012,0.479
225,2012,1.035
226,2012,1.498
227,2012,1.116
228,2012,1.116
229,2012,1.021
230,2012,0.595
0,2013,1.385
1,2013,1.009
2,2013,1.392
3,2013,1.213
4,2013,1.026
5,2013,0.905
6,2013,0.812
7,2013,0.943
8,2013,0.801
9,2013,0.762
10,2013,0.348
11,2013,1.413
12,2013,1.252
13,2013,1.075
14,2013,1.429
15,2013,1.101
16,2013,1.6
17,2013,0.54
18,2013,1.44
19,2013,0.516
20,2013,1.077
21,2013,1.217
22,2013,0.479
23,2013,0.76
24,2013,0.961
25,2013,0.799
26,2013,0.616
27,2013,1.372
28,2013,1.12
29,2013,0.996
30,2013,0.84
31,2013,0.982
32,2013,1.423
33,2013,0.864
34,2013,0.864
35,2013,1.409
36,2013,0.956
37,2013,0.712
38,2013,1.21
39,2013,0.43
40,2013,0.59
41,2013,0.998
42,2013,0.245
43,2013,0.825
44,2013,0.825
45,2013,1.085
46,2013,0.965
47,2013,0.691
48,2013,1.0
49,2013,0.779
50,2013,1.043
51,2013,0.648
52,2013,1.289
53,2013,0.893
54,2013,1.21
55,2013,0.779
56,2013,0.399
57,2013,1.343
58,2013,0.762
59,2013,0.959
60,2013,0.481
61,2013,1.035
62,2013,0.688
63,2013,0.683
64,2013,1.125
65,2013,1.149
66,2013,0.48
67,2013,1.156
68,2013,1.101
69,2013,1.101
70,2013,0.661
71,2013,0.771
72,2013,1.42
73,2013,0.728
74,2013,0.394
75,2013,0.692
76,2013,0.998
77,2013,1.35
78,2013,0.584
79,2013,0.897
80,2013,0.792
81,2013,1.316
82,2013,1.41
83,2013,0.94
84,2013,0.782
85,2013,0.712
86,2013,1.477
87,2013,0.927
88,2013,0.868
89,2013,1.115
90,2013,1.034
91,2013,0.875
92,2013,0.84
93,2013,1.168
94,2013,0.703
95,2013,0.421
96,2013,0.76
97,2013,1.607
98,2013,1.256
99,2013,0.559
100,2013,0.423
101,2013,1.111
102,2013,1.039
103,2013,1.05
104,2013,0.6
105,2013,1.053
106,2013,1.591
107,2013,0.888
108,2013,0.802
109,2013,0.298
110,2013,0.54
111,2013,1.348
112,2013,1.325
113,2013,1.031
114,2013,1.055
115,2013,1.221
116,2013,1.227
117,2013,0.901
118,2013,1.201
119,2013,0.954
120,2013,0.95
121,2013,0.586
122,2013,0.538
123,2013,0.853
124,2013,0.931
125,2013,0.694
126,2013,0.99
127,2013,1.499
128,2013,0.692
129,2013,0.825
130,2013,1.416
131,2013,0.428
132,2013,0.612
133,2013,0.761
134,2013,0.822
135,2013,1.26
136,2013,0.802
137,2013,1.03
138,2013,1.483
139,2013,0.762
140,2013,1.306
141,2013,0.574
142,2013,0.958
143,2013,0.747
144,2013,0.747
145,2013,0.193
146,2013,0.44
147,2013,0.651
148,2013,0.908
149,2013,0.867
150,2013,0.94
151,2013,1.014
152,2013,1.014
153,2013,0.543
154,2013,1.428
155,2013,0.787
156,2013,1.359
157,2013,0.931
158,2013,0.748
159,2013,0.749
160,2013,0.777
161,2013,0.608
162,2013,0.473
163,2013,0.749
164,2013,1.018
165,2013,1.018
166,2013,0.65
167,2013,0.828
168,2013,0.807
169,2013,1.296
170,2013,1.365
171,2013,1.149
172,2013,1.149
173,2013,1.337
174,2013,0.943
175,2013,1.015
199,2013,0.831
176,2013,1.216
177,2013,1.206
178,2013,1.43
179,2013,0.565
180,2013,0.71
181,2013,0.717
182,2013,0.953
183,2013,1.265
184,2013,0.354
185,2013,1.143
186,2013,0.797
187,2013,1.284
188,2013,0.84
189,2013,0.791
190,2013,0.762
191,2013,0.922
192,2013,0.938
193,2013,1.181
194,2013,1.944
195,2013,2.27
196,2013,0.855
197,2013,0.807
198,2013,1.347
200,2013,0.73
201,2013,1.257
202,2013,0.949
203,2013,1.005
204,2013,0.423
205,2013,0.861
206,2013,0.861
207,2013,0.931
208,2013,0.936
209,2013,1.571
210,2013,1.726
211,2013,1.726
212,2013,0.708
213,2013,0.871
214,2013,1.501
215,2013,0.811
216,2013,0.359
217,2013,0.616
218,2013,0.83
219,2013,0.187
220,2013,1.541
221,2013,0.52
222,2013,1.007
223,2013,0.96
224,2013,0.572
225,2013,1.113
226,2013,1.513
227,2013,1.026
228,2013,1.026
229,2013,0.949
230,2013,0.382
0,2014,0.484
1,2014,1.011
2,2014,1.332
3,2014,1.705
4,2014,0.898
5,2014,0.689
6,2014,1.926
7,2014,0.705
8,2014,0.902
9,2014,0.763
10,2014,0.857
11,2014,1.246
12,2014,1.049
13,2014,0.934
14,2014,1.124
15,2014,2.417
16,2014,1.247
17,2014,0.863
18,2014,1.842
19,2014,0.759
20,2014,0.736
21,2014,2.183
22,2014,2.426
23,2014,0.757
24,2014,1.05
25,2014,0.87
26,2014,1.058
27,2014,1.88
28,2014,0.239
29,2014,1.217
30,2014,1.041
31,2014,0.934
32,2014,1.167
33,2014,0.921
34,2014,0.921
35,2014,1.16
36,2014,0.595
37,2014,0.872
38,2014,0.304
39,2014,0.638
40,2014,0.462
41,2014,0.889
42,2014,0.289
43,2014,0.599
44,2014,0.599
45,2014,1.093
46,2014,0.974
47,2014,0.812
48,2014,0.979
49,2014,0.721
50,2014,0.816
51,2014,0.634
52,2014,2.049
53,2014,1.076
54,2014,1.028
55,2014,2.507
56,2014,2.675
57,2014,1.208
58,2014,0.765
59,2014,0.854
60,2014,1.119
61,2014,1.242
62,2014,0.65
63,2014,0.798
64,2014,0.902
65,2014,2.406
66,2014,0.607
67,2014,1.076
68,2014,1.822
69,2014,1.822
70,2014,1.833
71,2014,0.544
72,2014,2.58
73,2014,2.07
74,2014,0.439
75,2014,0.766
76,2014,1.195
77,2014,1.209
78,2014,2.519
79,2014,0.892
80,2014,1.365
81,2014,1.068
82,2014,1.651
83,2014,0.765
84,2014,0.833
85,2014,0.699
86,2014,1.541
87,2014,0.823
88,2014,1.067
89,2014,1.409
90,2014,1.353
91,2014,1.323
92,2014,0.624
93,2014,2.209
94,2014,1.621
95,2014,0.517
96,2014,0.75
97,2014,1.03
98,2014,1.172
99,2014,1.304
100,2014,1.462
101,2014,0.915
102,2014,1.655
103,2014,1.293
104,2014,0.537
105,2014,0.857
106,2014,0.657
107,2014,0.968
108,2014,0.942
109,2014,1.583
110,2014,1.055
111,2014,1.474
112,2014,0.418
113,2014,0.617
114,2014,2.302
115,2014,1.021
116,2014,1.313
117,2014,0.86
118,2014,1.264
119,2014,2.273
120,2014,2.224
121,2014,2.488
122,2014,0.589
123,2014,1.142
124,2014,0.944
125,2014,0.774
126,2014,0.853
127,2014,1.62
128,2014,0.712
129,2014,0.756
130,2014,1.301
131,2014,0.516
132,2014,0.829
133,2014,0.872
134,2014,0.651
135,2014,1.349
136,2014,1.909
137,2014,1.894
138,2014,1.585
139,2014,0.763
140,2014,1.674
141,2014,0.763
142,2014,0.861
143,2014,0.374
144,2014,0.374
145,2014,0.319
146,2014,2.572
147,2014,0.672
148,2014,0.436
149,2014,0.856
150,2014,1.121
151,2014,1.101
152,2014,1.101
153,2014,0.385
154,2014,1.341
155,2014,2.405
156,2014,1.046
157,2014,0.924
158,2014,0.34
159,2014,0.794
160,2014,0.704
161,2014,0.194
162,2014,1.256
163,2014,0.976
164,2014,0.87
165,2014,0.87
166,2014,2.366
167,2014,1.247
168,2014,0.91
169,2014,1.685
170,2014,1.539
171,2014,1.742
172,2014,1.742
173,2014,0.438
174,2014,0.804
175,2014,1.562
199,2014,0.916
176,2014,1.296
177,2014,1.152
178,2014,1.616
179,2014,0.714
180,2014,0.666
181,2014,0.879
182,2014,2.353
183,2014,2.463
184,2014,0.455
185,2014,1.168
186,2014,0.933
187,2014,1.049
188,2014,1.524
189,2014,0.891
190,2014,0.763
191,2014,0.754
192,2014,0.764
193,2014,1.012
194,2014,1.921
195,2014,3.381
196,2014,2.69
197,2014,2.209
198,2014,1.148
200,2014,0.678
201,2014,0.386
202,2014,0.924
203,2014,0.601
204,2014,0.38
205,2014,1.032
206,2014,1.032
207,2014,0.607
208,2014,0.848
209,2014,2.014
210,2014,0.801
211,2014,0.801
212,2014,0.671
213,2014,0.904
214,2014,1.694
215,2014,0.928
216,2014,1.704
217,2014,0.509
218,2014,1.02
219,2014,1.183
220,2014,0.178
221,2014,0.455
222,2014,1.065
223,2014,0.609
224,2014,0.52
225,2014,0.906
226,2014,1.448
227,2014,1.025
228,2014,1.025
229,2014,0.763
230,2014,0.315
0,2015,1.139
1,2015,1.195
2,2015,1.702
3,2015,1.134
4,2015,0.738
5,2015,1.361
6,2015,1.662
7,2015,1.253
8,2015,1.162
9,2015,1.041
10,2015,0.855
11,2015,1.876
12,2015,1.897
13,2015,1.307
14,2015,1.02
15,2015,2.179
16,2015,1.661
17,2015,1.108
18,2015,2.392
19,2015,0.905
20,2015,1.204
21,2015,2.252
22,2015,1.379
23,2015,1.251
24,2015,1.196
25,2015,0.99
26,2015,1.51
27,2015,1.864
28,2015,1.873
29,2015,1.601
30,2015,1.284
31,2015,1.121
32,2015,1.417
33,2015,1.139
34,2015,1.139
35,2015,1.148
36,2015,1.103
37,2015,1.111
38,2015,1.287
39,2015,1.287
40,2015,0.753
41,2015,1.067
42,2015,0.645
43,2015,1.059
44,2015,1.059
45,2015,1.308
46,2015,1.411
47,2015,1.028
48,2015,1.07
49,2015,1.041
50,2015,0.228
51,2015,0.942
52,2015,1.934
53,2015,1.345
54,2015,1.138
55,2015,2.124
56,2015,1.517
57,2015,1.731
58,2015,1.042
59,2015,1.155
60,2015,1.566
61,2015,1.181
62,2015,1.277
63,2015,0.755
64,2015,1.766
65,2015,2.338
66,2015,1.231
67,2015,1.345
68,2015,2.105
69,2015,2.105
70,2015,0.882
71,2015,0.468
72,2015,2.604
73,2015,1.621
74,2015,0.499
75,2015,0.894
76,2015,1.217
77,2015,1.705
78,2015,1.675
79,2015,1.109
80,2015,1.311
81,2015,0.894
82,2015,0.127
83,2015,0.997
84,2015,1.102
85,2015,1.141
86,2015,1.794
87,2015,1.147
88,2015,1.129
89,2015,1.855
90,2015,1.396
91,2015,1.451
92,2015,1.079
93,2015,2.053
94,2015,0.378
95,2015,0.694
96,2015,0.771
97,2015,1.817
98,2015,1.957
99,2015,0.368
100,2015,0.348
101,2015,1.373
102,2015,1.726
103,2015,1.366
104,2015,0.813
105,2015,1.501
106,2015,1.579
107,2015,1.137
108,2015,1.077
109,2015,1.284
110,2015,0.991
111,2015,2.131
112,2015,1.381
113,2015,1.232
114,2015,2.139
115,2015,1.381
116,2015,1.77
117,2015,1.273
118,2015,0.699
119,2015,2.086
120,2015,2.09
121,2015,1.538
122,2015,0.942
123,2015,1.316
124,2015,1.131
125,2015,0.907
126,2015,1.097
127,2015,1.618
128,2015,0.625
129,2015,1.078
130,2015,1.383
131,2015,0.822
132,2015,1.055
133,2015,1.096
134,2015,0.689
135,2015,1.942
136,2015,1.992
137,2015,2.159
138,2015,1.776
139,2015,1.041
140,2015,1.228
141,2015,1.101
142,2015,1.127
143,2015,1.038
144,2015,1.038
145,2015,0.556
146,2015,1.298
147,2015,0.884
148,2015,0.457
149,2015,1.102
150,2015,0.925
151,2015,1.26
152,2015,1.26
153,2015,0.922
154,2015,1.528
155,2015,1.771
156,2015,0.948
157,2015,1.671
158,2015,0.526
159,2015,1.048
160,2015,0.784
161,2015,0.118
162,2015,1.608
163,2015,1.35
164,2015,1.109
165,2015,1.109
166,2015,1.996
167,2015,1.292
168,2015,1.19
169,2015,2.121
170,2015,1.788
171,2015,2.233
172,2015,2.233
173,2015,0.163
174,2015,0.643
175,2015,1.774
199,2015,0.834
176,2015,1.937
177,2015,1.277
178,2015,1.748
179,2015,1.014
180,2015,0.86
181,2015,1.119
182,2015,2.093
183,2015,2.158
184,2015,0.289
185,2015,1.724
186,2015,1.367
187,2015,1.241
188,2015,1.443
189,2015,0.903
190,2015,1.041
191,2015,1.073
192,2015,0.995
193,2015,1.566
194,2015,2.027
195,2015,3.312
196,2015,2.059
197,2015,2.015
198,2015,1.289
200,2015,0.693
201,2015,1.244
202,2015,1.153
203,2015,1.146
204,2015,0.488
205,2015,1.182
206,2015,1.182
207,2015,0.653
208,2015,1.068
209,2015,1.288
210,2015,1.482
211,2015,1.482
212,2015,0.822
213,2015,0.978
214,2015,2.06
215,2015,1.597
216,2015,0.594
217,2015,1.533
218,2015,1.269
219,2015,1.094
220,2015,1.393
221,2015,0.461
222,2015,1.376
223,2015,1.256
224,2015,0.538
225,2015,1.367
226,2015,1.53
227,2015,1.412
228,2015,1.412
229,2015,1.874
230,2015,1.202
0,2016,1.588
1,2016,1.385
2,2016,1.608
3,2016,1.761
4,2016,1.268
5,2016,1.859
6,2016,1.957
7,2016,1.484
8,2016,1.178
9,2016,1.203
10,2016,0.363
11,2016,1.344
12,2016,1.318
13,2016,1.476
14,2016,1.105
15,2016,2.109
16,2016,1.452
17,2016,1.035
18,2016,1.671
19,2016,1.476
20,2016,1.51
21,2016,2.212
22,2016,1.892
23,2016,1.344
24,2016,1.145
25,2016,1.319
26,2016,0.864
27,2016,1.724
28,2016,1.862
29,2016,1.545
30,2016,1.153
31,2016,1.545
32,2016,1.876
33,2016,1.107
34,2016,1.107
35,2016,1.764
36,2016,1.397
37,2016,1.16
38,2016,2.432
39,2016,2.432
40,2016,0.974
41,2016,0.906
42,2016,0.741
43,2016,0.639
44,2016,0.639
45,2016,1.339
46,2016,1.295
47,2016,1.003
48,2016,1.52
49,2016,1.435
50,2016,0.968
51,2016,0.917
52,2016,1.844
53,2016,1.37
54,2016,1.509
55,2016,2.08
56,2016,1.849
57,2016,1.547
58,2016,1.202
59,2016,1.145
60,2016,1.543
61,2016,1.373
62,2016,1.241
63,2016,1.382
64,2016,0.98
65,2016,1.901
66,2016,1.595
67,2016,1.39
68,2016,2.278
69,2016,2.278
70,2016,0.873
71,2016,0.931
72,2016,2.147
73,2016,1.797
74,2016,0.946
75,2016,1.432
76,2016,1.657
77,2016,1.325
78,2016,1.989
79,2016,1.238
80,2016,1.677
81,2016,1.565
82,2016,2.362
83,2016,0.99
84,2016,1.19
85,2016,1.435
86,2016,2.205
87,2016,1.123
88,2016,1.442
89,2016,1.931
90,2016,1.327
91,2016,1.532
92,2016,1.252
93,2016,1.883
94,2016,1.372
95,2016,1.071
96,2016,1.41
97,2016,1.602
98,2016,1.705
99,2016,0.966
100,2016,1.043
101,2016,1.688
102,2016,1.735
103,2016,1.525
104,2016,1.302
105,2016,1.734
106,2016,2.208
107,2016,1.174
108,2016,1.404
109,2016,1.489
110,2016,1.667
111,2016,1.732
112,2016,1.764
113,2016,1.256
114,2016,1.921
115,2016,1.67
116,2016,2.161
117,2016,1.454
118,2016,1.631
119,2016,2.074
120,2016,1.937
121,2016,1.892
122,2016,0.895
123,2016,1.409
124,2016,1.558
125,2016,0.946
126,2016,1.18
127,2016,1.857
128,2016,0.997
129,2016,1.281
130,2016,1.67
131,2016,0.727
132,2016,0.959
133,2016,1.316
134,2016,1.081
135,2016,2.028
136,2016,1.831
137,2016,1.422
138,2016,1.55
139,2016,1.203
140,2016,1.893
141,2016,1.337
142,2016,1.351
143,2016,1.322
144,2016,1.322
145,2016,1.068
146,2016,1.943
147,2016,1.55
148,2016,1.101
149,2016,1.233
150,2016,1.072
151,2016,1.228
152,2016,1.228
153,2016,1.44
154,2016,1.703
155,2016,1.709
156,2016,1.087
157,2016,1.355
158,2016,1.156
159,2016,1.101
160,2016,0.784
161,2016,0.792
162,2016,0.362
163,2016,1.515
164,2016,1.569
165,2016,1.569
166,2016,2.04
167,2016,1.584
168,2016,1.2
169,2016,1.627
170,2016,1.869
171,2016,2.444
172,2016,2.444
173,2016,0.925
174,2016,1.173
175,2016,1.717
199,2016,1.528
176,2016,1.584
177,2016,1.633
178,2016,1.703
179,2016,0.997
180,2016,0.788
181,2016,1.395
182,2016,1.937
183,2016,2.079
184,2016,0.802
185,2016,1.363
186,2016,1.686
187,2016,1.37
188,2016,1.628
189,2016,1.264
190,2016,1.203
191,2016,1.222
192,2016,0.985
193,2016,1.249
194,2016,2.492
195,2016,5.326
196,2016,1.829
197,2016,1.904
198,2016,1.788
200,2016,0.986
201,2016,1.559
202,2016,0.985
203,2016,1.433
204,2016,1.505
205,2016,1.227
206,2016,1.227
207,2016,1.177
208,2016,1.161
209,2016,1.985
210,2016,2.057
211,2016,2.057
212,2016,0.945
213,2016,1.047
214,2016,2.098
215,2016,1.17
216,2016,1.149
217,2016,2.216
218,2016,1.164
219,2016,0.337
220,2016,2.276
221,2016,0.97
222,2016,1.347
223,2016,1.217
224,2016,1.074
225,2016,1.697
226,2016,1.61
227,2016,1.693
228,2016,1.693
229,2016,1.428
230,2016,1.499
0,2017,1.63
1,2017,1.158
2,2017,1.239
3,2017,1.506
4,2017,1.163
5,2017,1.388
6,2017,1.894
7,2017,0.786
8,2017,1.031
9,2017,0.959
10,2017,0.968
11,2017,0.865
12,2017,1.359
13,2017,1.482
14,2017,1.072
15,2017,1.754
16,2017,1.283
17,2017,1.379
18,2017,2.138
19,2017,1.288
20,2017,1.163
21,2017,1.605
22,2017,1.723
23,2017,1.242
24,2017,1.264
25,2017,1.31
26,2017,1.056
27,2017,1.462
28,2017,0.358
29,2017,1.441
30,2017,1.104
31,2017,1.162
32,2017,0.929
33,2017,1.237
34,2017,1.237
35,2017,2.075
36,2017,1.073
37,2017,1.157
38,2017,1.545
39,2017,1.545
40,2017,0.975
41,2017,1.014
42,2017,0.566
43,2017,1.192
44,2017,1.192
45,2017,1.6
46,2017,0.989
47,2017,1.254
48,2017,1.247
49,2017,1.059
50,2017,1.333
51,2017,0.647
52,2017,1.559
53,2017,1.304
54,2017,0.774
55,2017,1.597
56,2017,1.62
57,2017,1.831
58,2017,0.958
59,2017,0.903
60,2017,1.118
61,2017,0.587
62,2017,0.708
63,2017,1.202
64,2017,1.288
65,2017,1.466
66,2017,0.94
67,2017,1.228
68,2017,1.959
69,2017,1.959
70,2017,1.559
71,2017,1.021
72,2017,1.48
73,2017,1.792
74,2017,0.714
75,2017,1.213
76,2017,1.738
77,2017,0.749
78,2017,1.652
79,2017,1.335
80,2017,1.97
81,2017,0.639
82,2017,1.159
83,2017,1.444
84,2017,0.995
85,2017,1.078
86,2017,1.934
87,2017,1.452
88,2017,1.523
89,2017,1.446
90,2017,1.084
91,2017,1.26
92,2017,0.909
93,2017,1.327
94,2017,1.658
95,2017,0.956
96,2017,0.957
97,2017,1.682
98,2017,1.612
99,2017,1.194
100,2017,1.306
101,2017,0.808
102,2017,1.642
103,2017,1.225
104,2017,0.771
105,2017,1.017
106,2017,1.732
107,2017,1.401
108,2017,1.216
109,2017,1.681
110,2017,1.468
111,2017,2.018
112,2017,1.339
113,2017,1.04
114,2017,1.479
115,2017,1.05
116,2017,1.445
117,2017,1.474
118,2017,0.332
119,2017,1.838
120,2017,1.534
121,2017,1.66
122,2017,1.2
123,2017,1.276
124,2017,1.093
125,2017,0.807
126,2017,1.429
127,2017,1.332
128,2017,0.849
129,2017,1.014
130,2017,2.014
131,2017,0.932
132,2017,1.237
133,2017,1.576
134,2017,1.079
135,2017,1.348
136,2017,2.038
137,2017,2.531
138,2017,1.333
139,2017,0.959
140,2017,2.167
141,2017,0.942
142,2017,1.252
143,2017,0.563
144,2017,0.563
145,2017,1.069
146,2017,1.728
147,2017,1.297
148,2017,0.498
149,2017,0.823
150,2017,0.945
151,2017,1.245
152,2017,1.245
153,2017,1.107
154,2017,1.121
155,2017,1.542
156,2017,1.038
157,2017,1.886
158,2017,1.222
159,2017,0.955
160,2017,0.664
161,2017,0.787
162,2017,1.309
163,2017,1.102
164,2017,1.192
165,2017,1.192
166,2017,1.461
167,2017,2.028
168,2017,1.049
169,2017,1.99
170,2017,1.145
171,2017,2.114
172,2017,2.114
173,2017,0.421
174,2017,1.069
175,2017,1.643
199,2017,1.205
176,2017,1.804
177,2017,1.828
178,2017,1.274
179,2017,1.102
180,2017,1.343
181,2017,0.76
182,2017,1.256
183,2017,1.756
184,2017,0.788
185,2017,1.621
186,2017,1.189
187,2017,1.392
188,2017,1.95
189,2017,0.988
190,2017,0.959
191,2017,1.222
192,2017,1.446
193,2017,1.304
194,2017,2.139
195,2017,3.334
196,2017,1.575
197,2017,1.884
198,2017,1.134
200,2017,1.326
201,2017,1.27
202,2017,1.446
203,2017,1.013
204,2017,0.822
205,2017,1.32
206,2017,1.32
207,2017,0.971
208,2017,1.4
209,2017,1.465
210,2017,1.741
211,2017,1.741
212,2017,1.037
213,2017,1.455
214,2017,1.401
215,2017,1.705
216,2017,1.412
217,2017,1.421
218,2017,1.098
219,2017,1.591
220,2017,1.761
221,2017,0.89
222,2017,1.051
223,2017,1.186
224,2017,0.93
225,2017,0.809
226,2017,2.043
227,2017,1.433
228,2017,1.433
229,2017,0.568
230,2017,0.338
0,2018,1.597
1,2018,1.15
2,2018,2.155
3,2018,1.203
4,2018,0.917
5,2018,0.913
6,2018,1.877
7,2018,1.306
8,2018,0.842
9,2018,0.846
10,2018,0.761
11,2018,2.738
12,2018,0.86
13,2018,1.36
14,2018,1.059
15,2018,2.539
16,2018,2.242
17,2018,1.011
18,2018,2.304
19,2018,1.065
20,2018,0.892
21,2018,2.35
22,2018,2.173
23,2018,0.767
24,2018,1.153
25,2018,1.252
26,2018,0.606
27,2018,2.319
28,2018,1.087
29,2018,1.201
30,2018,0.838
31,2018,1.076
32,2018,2.158
33,2018,1.194
34,2018,1.194
35,2018,1.003
36,2018,0.794
37,2018,1.056
38,2018,0.531
39,2018,0.531
40,2018,0.924
41,2018,1.184
42,2018,0.269
43,2018,1.02
44,2018,1.02
45,2018,1.397
46,2018,1.229
47,2018,1.008
48,2018,1.413
49,2018,1.156
50,2018,0.896
51,2018,1.07
52,2018,2.317
53,2018,1.083
54,2018,2.103
55,2018,2.654
56,2018,2.105
57,2018,2.105
58,2018,0.846
59,2018,1.023
60,2018,1.024
61,2018,2.053
62,2018,0.776
63,2018,0.6
64,2018,0.867
65,2018,2.379
66,2018,1.285
67,2018,0.539
68,2018,2.001
69,2018,2.001
70,2018,0.901
71,2018,0.633
72,2018,2.151
73,2018,2.032
74,2018,0.443
75,2018,0.963
76,2018,1.035
77,2018,2.459
78,2018,2.393
79,2018,1.143
80,2018,0.668
81,2018,1.895
82,2018,0.916
83,2018,0.901
84,2018,0.844
85,2018,0.891
86,2018,1.673
87,2018,1.079
88,2018,1.019
89,2018,1.287
90,2018,1.244
91,2018,1.757
92,2018,0.755
93,2018,2.513
94,2018,0.785
95,2018,0.876
96,2018,0.879
97,2018,2.0
98,2018,2.449
99,2018,0.71
100,2018,0.82
101,2018,2.054
102,2018,1.862
103,2018,1.418
104,2018,0.899
105,2018,2.056
106,2018,0.621
107,2018,0.508
108,2018,1.122
109,2018,0.969
110,2018,0.961
111,2018,2.417
112,2018,1.14
113,2018,0.75
114,2018,2.336
115,2018,2.178
116,2018,1.309
117,2018,1.23
118,2018,1.764
119,2018,2.314
120,2018,2.419
121,2018,2.476
122,2018,0.937
123,2018,1.141
124,2018,1.128
125,2018,0.751
126,2018,1.099
127,2018,1.555
128,2018,0.634
129,2018,0.86
130,2018,1.01
131,2018,0.643
132,2018,0.994
133,2018,1.188
134,2018,1.015
135,2018,2.012
136,2018,2.018
137,2018,2.245
138,2018,2.293
139,2018,0.846
140,2018,0.641
141,2018,0.866
142,2018,0.965
143,2018,0.988
144,2018,0.988
145,2018,0.679
146,2018,2.132
147,2018,0.95
148,2018,1.029
149,2018,0.856
150,2018,1.147
151,2018,1.152
152,2018,1.152
153,2018,1.091
154,2018,2.133
155,2018,1.481
156,2018,1.028
157,2018,1.615
158,2018,1.311
159,2018,0.979
160,2018,1.069
161,2018,0.561
162,2018,0.686
163,2018,0.884
164,2018,1.225
165,2018,1.225
166,2018,2.424
167,2018,0.782
168,2018,0.858
169,2018,2.099
170,2018,2.249
171,2018,2.032
172,2018,2.032
173,2018,0.744
174,2018,0.823
175,2018,1.899
199,2018,0.909
176,2018,1.87
177,2018,1.039
178,2018,2.313
179,2018,0.794
180,2018,0.845
181,2018,1.026
182,2018,2.529
183,2018,2.45
184,2018,1.022
185,2018,0.566
186,2018,1.109
187,2018,1.242
188,2018,1.058
189,2018,0.696
190,2018,0.846
191,2018,0.884
192,2018,0.901
193,2018,1.3
194,2018,1.95
195,2018,4.064
196,2018,1.833
197,2018,2.393
198,2018,2.393
200,2018,1.083
201,2018,1.6
202,2018,1.03
203,2018,0.771
204,2018,0.392
205,2018,1.175
206,2018,1.175
207,2018,0.914
208,2018,0.905
209,2018,1.597
210,2018,1.596
211,2018,1.596
212,2018,0.999
213,2018,0.791
214,2018,2.22
215,2018,1.574
216,2018,0.988
217,2018,1.267
218,2018,0.836
219,2018,1.283
220,2018,1.016
221,2018,0.261
222,2018,0.989
223,2018,0.877
224,2018,0.776
225,2018,2.056
226,2018,0.974
227,2018,1.253
228,2018,1.253
229,2018,0.825
230,2018,0.67
0,2019,0.951
1,2019,1.29
2,2019,1.797
3,2019,1.24
4,2019,1.268
5,2019,1.26
6,2019,1.922
7,2019,1.54
8,2019,0.967
9,2019,0.937
10,2019,0.643
11,2019,1.78
12,2019,1.193
13,2019,1.399
14,2019,1.36
15,2019,2.382
16,2019,1.978
17,2019,1.434
18,2019,2.154
19,2019,1.312
20,2019,1.371
21,2019,2.683
22,2019,2.056
23,2019,1.472
24,2019,1.228
25,2019,1.159
26,2019,0.945
27,2019,2.033
28,2019,1.918
29,2019,1.589
30,2019,0.997
31,2019,1.383
32,2019,2.07
33,2019,1.111
34,2019,1.111
35,2019,1.703
36,2019,1.55
37,2019,1.416
38,2019,1.33
39,2019,1.459
40,2019,1.136
41,2019,0.917
42,2019,0.402
43,2019,1.574
44,2019,1.574
45,2019,1.443
46,2019,1.55
47,2019,1.599
48,2019,1.47
49,2019,1.322
50,2019,0.823
51,2019,1.24
52,2019,2.114
53,2019,1.514
54,2019,1.505
55,2019,2.542
56,2019,2.175
57,2019,1.253
58,2019,0.937
59,2019,0.99
60,2019,1.331
61,2019,1.013
62,2019,0.995
63,2019,1.372
64,2019,0.703
65,2019,2.182
66,2019,1.69
67,2019,0.959
68,2019,2.095
69,2019,2.095
70,2019,0.942
71,2019,0.817
72,2019,1.446
73,2019,1.998
74,2019,0.669
75,2019,1.404
76,2019,1.344
77,2019,1.683
78,2019,2.328
79,2019,1.247
80,2019,1.248
81,2019,1.363
82,2019,2.126
83,2019,1.457
84,2019,0.952
85,2019,1.405
86,2019,1.962
87,2019,1.235
88,2019,1.319
89,2019,1.29
90,2019,1.502
91,2019,1.395
92,2019,1.215
93,2019,2.339
94,2019,1.294
95,2019,0.795
96,2019,1.045
97,2019,1.527
98,2019,1.685
99,2019,1.125
100,2019,1.116
101,2019,1.232
102,2019,1.69
103,2019,1.723
104,2019,1.248
105,2019,1.353
106,2019,1.469
107,2019,1.467
108,2019,1.124
109,2019,1.918
110,2019,1.527
111,2019,1.949
112,2019,1.557
113,2019,1.978
114,2019,2.427
115,2019,1.426
116,2019,2.019
117,2019,1.29
118,2019,0.987
119,2019,2.13
120,2019,2.612
121,2019,2.164
122,2019,1.359
123,2019,1.258
124,2019,1.415
125,2019,1.057
126,2019,1.107
127,2019,1.405
128,2019,0.843
129,2019,1.047
130,2019,1.384
131,2019,1.078
132,2019,1.554
133,2019,1.318
134,2019,1.11
135,2019,2.32
136,2019,2.027
137,2019,1.881
138,2019,1.892
139,2019,0.937
140,2019,1.522
141,2019,1.25
142,2019,1.628
143,2019,1.994
144,2019,1.994
145,2019,0.797
146,2019,2.136
147,2019,0.894
148,2019,0.97
149,2019,1.249
150,2019,1.101
151,2019,1.26
152,2019,1.26
153,2019,1.057
154,2019,1.888
155,2019,1.188
156,2019,1.301
157,2019,1.319
158,2019,0.506
159,2019,0.506
160,2019,1.274
161,2019,0.575
162,2019,1.456
163,2019,1.196
164,2019,1.304
165,2019,1.304
166,2019,2.637
167,2019,1.169
168,2019,0.976
169,2019,1.933
170,2019,2.231
171,2019,2.178
172,2019,2.178
173,2019,0.144
174,2019,1.173
175,2019,1.715
199,2019,1.265
176,2019,1.718
177,2019,1.469
178,2019,2.084
179,2019,1.254
180,2019,1.151
181,2019,1.6
182,2019,2.4
183,2019,2.376
184,2019,1.187
185,2019,1.538
186,2019,1.939
187,2019,1.065
188,2019,1.437
189,2019,1.114
190,2019,0.937
191,2019,1.284
192,2019,1.457
193,2019,0.979
194,2019,2.177
195,2019,2.87
196,2019,1.556
197,2019,2.155
198,2019,1.575
200,2019,1.28
201,2019,1.329
202,2019,1.377
203,2019,1.667
204,2019,0.517
205,2019,1.285
206,2019,1.285
207,2019,1.49
208,2019,1.461
209,2019,1.409
210,2019,1.861
211,2019,1.861
212,2019,1.102
213,2019,1.312
214,2019,2.353
215,2019,1.268
216,2019,1.222
217,2019,1.023
218,2019,0.992
219,2019,0.864
220,2019,1.912
221,2019,0.653
222,2019,1.436
223,2019,1.856
224,2019,1.129
225,2019,1.224
226,2019,1.559
227,2019,1.44
228,2019,1.44
229,2019,1.287
230,2019,1.235
0,2020,0.552
1,2020,1.177
2,2020,1.627
3,2020,2.006
4,2020,1.159
5,2020,1.314
6,2020,2.513
7,2020,0.985
8,2020,1.294
9,2020,1.236
10,2020,1.0
11,2020,1.89
12,2020,1.538
13,2020,1.539
14,2020,1.353
15,2020,2.326
16,2020,2.006
17,2020,1.606
18,2020,2.007
19,2020,1.109
20,2020,1.225
21,2020,3.522
22,2020,2.544
23,2020,1.616
24,2020,1.14
25,2020,1.076
26,2020,1.335
27,2020,1.92
28,2020,0.834
29,2020,1.499
30,2020,1.351
31,2020,1.377
32,2020,1.987
33,2020,1.111
34,2020,1.111
35,2020,1.111
36,2020,1.425
37,2020,1.129
38,2020,1.16
39,2020,1.499
40,2020,0.816
41,2020,0.793
42,2020,0.676
43,2020,1.683
44,2020,1.683
45,2020,1.672
46,2020,1.613
47,2020,1.333
48,2020,1.541
49,2020,1.341
50,2020,0.932
51,2020,1.289
52,2020,2.02
53,2020,1.671
54,2020,1.634
55,2020,2.343
56,2020,2.633
57,2020,1.361
58,2020,1.236
59,2020,1.495
60,2020,1.409
61,2020,1.008
62,2020,1.456
63,2020,1.292
64,2020,1.292
65,2020,3.584
66,2020,0.699
67,2020,0.941
68,2020,3.348
69,2020,3.348
70,2020,0.909
71,2020,1.02
72,2020,3.316
73,2020,2.527
74,2020,0.638
75,2020,1.29
76,2020,1.853
77,2020,1.975
78,2020,2.512
79,2020,1.294
80,2020,1.87
81,2020,1.275
82,2020,1.104
83,2020,1.692
84,2020,1.265
85,2020,1.701
86,2020,2.072
87,2020,1.31
88,2020,1.704
89,2020,1.608
90,2020,1.669
91,2020,1.571
92,2020,1.665
93,2020,1.978
94,2020,0.752
95,2020,0.508
96,2020,1.233
97,2020,1.287
98,2020,1.924
99,2020,1.003
100,2020,1.155
101,2020,1.476
102,2020,1.91
103,2020,1.839
104,2020,1.41
105,2020,1.692
106,2020,2.833
107,2020,1.164
108,2020,1.485
109,2020,1.901
110,2020,1.503
111,2020,2.029
112,2020,1.349
113,2020,1.527
114,2020,3.52
115,2020,1.639
116,2020,1.299
117,2020,1.446
118,2020,1.152
119,2020,2.415
120,2020,3.418
121,2020,2.636
122,2020,1.033
123,2020,1.456
124,2020,1.358
125,2020,1.035
126,2020,1.091
127,2020,1.712
128,2020,0.953
129,2020,1.273
130,2020,1.843
131,2020,0.878
132,2020,1.304
133,2020,1.663
134,2020,1.082
135,2020,3.083
136,2020,2.314
137,2020,2.402
138,2020,1.761
139,2020,1.236
140,2020,2.129
141,2020,1.081
142,2020,1.593
143,2020,0.384
144,2020,0.384
145,2020,0.301
146,2020,2.473
147,2020,1.19
148,2020,0.755
149,2020,1.299
150,2020,0.914
151,2020,1.157
152,2020,1.157
153,2020,1.094
154,2020,1.589
155,2020,2.37
156,2020,1.309
157,2020,0.947
158,2020,0.342
159,2020,0.342
160,2020,1.366
161,2020,0.934
162,2020,1.533
163,2020,1.663
164,2020,1.447
165,2020,1.447
166,2020,2.666
167,2020,1.868
168,2020,1.375
169,2020,1.817
170,2020,2.233
171,2020,3.684
172,2020,3.684
173,2020,0.841
174,2020,1.065
175,2020,1.886
199,2020,1.468
176,2020,1.493
177,2020,1.765
178,2020,1.822
179,2020,1.311
180,2020,1.28
181,2020,1.022
182,2020,2.024
183,2020,2.268
184,2020,1.146
185,2020,1.725
186,2020,1.0
187,2020,0.559
188,2020,1.976
189,2020,1.109
190,2020,1.236
191,2020,1.473
192,2020,1.692
193,2020,0.532
194,2020,2.329
195,2020,2.001
196,2020,2.935
197,2020,2.576
198,2020,1.889
200,2020,1.739
201,2020,1.092
202,2020,1.035
203,2020,1.446
204,2020,1.358
205,2020,1.205
206,2020,1.205
207,2020,1.415
208,2020,1.697
209,2020,2.069
210,2020,1.574
211,2020,1.574
212,2020,1.22
213,2020,0.903
214,2020,3.096
215,2020,1.275
216,2020,1.369
217,2020,1.315
218,2020,1.353
219,2020,0.916
220,2020,1.694
221,2020,0.991
222,2020,1.589
223,2020,1.575
224,2020,1.175
225,2020,1.479
226,2020,2.145
227,2020,1.675
228,2020,1.675
229,2020,1.217
230,2020,0.669
0,2021,1.418
1,2021,1.4
2,2021,1.719
3,2021,2.424
4,2021,0.997
5,2021,1.601
6,2021,1.49
7,2021,1.392
8,2021,0.869
9,2021,0.936
10,2021,0.9
11,2021,2.208
12,2021,2.208
13,2021,1.561
14,2021,0.551
15,2021,1.415
16,2021,2.107
17,2021,0.765
18,2021,2.442
19,2021,1.498
20,2021,1.258
21,2021,1.709
22,2021,1.174
23,2021,1.23
24,2021,1.635
25,2021,1.681
26,2021,0.774
27,2021,1.648
28,2021,0.106
29,2021,1.223
30,2021,0.802
31,2021,1.07
32,2021,1.567
33,2021,1.685
34,2021,1.685
35,2021,1.756
36,2021,0.917
37,2021,1.254
38,2021,2.534
39,2021,1.179
40,2021,0.987
41,2021,1.078
42,2021,0.644
43,2021,1.802
44,2021,1.802
45,2021,1.708
46,2021,1.099
47,2021,0.954
48,2021,1.445
49,2021,1.161
50,2021,1.225
51,2021,0.899
52,2021,1.619
53,2021,1.276
54,2021,1.944
55,2021,1.299
56,2021,1.688
57,2021,1.031
58,2021,0.936
59,2021,1.079
60,2021,0.909
61,2021,1.695
62,2021,1.063
63,2021,1.02
64,2021,1.216
65,2021,2.122
66,2021,0.519
67,2021,1.045
68,2021,1.587
69,2021,1.587
70,2021,1.055
71,2021,0.848
72,2021,1.937
73,2021,1.309
74,2021,0.594
75,2021,1.03
76,2021,1.72
77,2021,1.722
78,2021,1.321
79,2021,1.53
80,2021,1.401
81,2021,1.631
82,2021,2.18
83,2021,1.282
84,2021,0.903
85,2021,1.433
86,2021,1.762
87,2021,1.583
88,2021,1.662
89,2021,1.248
90,2021,1.259
91,2021,1.409
92,2021,1.104
93,2021,1.422
94,2021,0.892
95,2021,0.732
96,2021,1.02
97,2021,2.119
98,2021,2.669
99,2021,0.946
100,2021,0.979
101,2021,1.817
102,2021,1.603
103,2021,1.502
104,2021,1.237
105,2021,2.0
106,2021,1.436
107,2021,1.244
108,2021,1.206
109,2021,1.886
110,2021,1.686
111,2021,2.722
112,2021,1.278
113,2021,1.079
114,2021,1.953
115,2021,2.053
116,2021,1.37
117,2021,1.363
118,2021,1.94
119,2021,1.295
120,2021,1.764
121,2021,1.161
122,2021,1.121
123,2021,1.117
124,2021,1.177
125,2021,0.963
126,2021,1.762
127,2021,2.199
128,2021,0.665
129,2021,1.019
130,2021,1.782
131,2021,0.768
132,2021,0.893
133,2021,1.113
134,2021,0.784
135,2021,1.283
136,2021,1.595
137,2021,2.019
138,2021,1.686
139,2021,0.936
140,2021,1.804
141,2021,0.84
142,2021,1.642
143,2021,0.027
144,2021,0.027
145,2021,0.659
146,2021,1.304
147,2021,1.097
148,2021,0.816
149,2021,1.031
150,2021,1.571
151,2021,1.647
152,2021,1.647
153,2021,1.003
154,2021,1.709
155,2021,1.489
156,2021,0.59
157,2021,1.744
158,2021,1.026
159,2021,0.914
160,2021,0.968
161,2021,1.062
162,2021,0.879
163,2021,1.2
164,2021,1.309
165,2021,1.309
166,2021,1.448
167,2021,1.101
168,2021,0.867
169,2021,2.249
170,2021,1.399
171,2021,1.629
172,2021,1.629
173,2021,2.32
174,2021,0.903
175,2021,1.446
199,2021,1.245
176,2021,2.268
177,2021,1.87
178,2021,1.607
179,2021,0.763
180,2021,1.239
181,2021,1.239
182,2021,1.266
183,2021,1.583
184,2021,0.826
185,2021,1.602
186,2021,0.867
187,2021,1.051
188,2021,1.314
189,2021,0.893
190,2021,0.936
191,2021,1.179
192,2021,1.282
193,2021,1.312
194,2021,1.955
195,2021,3.011
196,2021,1.838
197,2021,1.242
198,2021,2.259
200,2021,1.915
201,2021,1.033
202,2021,1.13
203,2021,0.975
204,2021,0.773
205,2021,1.61
206,2021,1.61
207,2021,1.153
208,2021,1.286
209,2021,2.589
210,2021,1.717
211,2021,1.717
212,2021,0.714
213,2021,1.187
214,2021,1.418
215,2021,1.77
216,2021,0.927
217,2021,1.155
218,2021,0.809
219,2021,0.887
220,2021,1.508
221,2021,0.903
222,2021,0.975
223,2021,1.199
224,2021,0.849
225,2021,1.819
226,2021,1.674
227,2021,1.485
228,2021,1.485
229,2021,1.183
230,2021,0.233
0,2022,1.967
1,2022,1.014
2,2022,1.701
3,2022,1.804
4,2022,0.984
5,2022,1.098
6,2022,3.196
7,2022,0.836
8,2022,0.868
9,2022,0.845
10,2022,0.525
11,2022,1.866
12,2022,1.866
13,2022,1.736
14,2022,0.678
15,2022,2.554
16,2022,2.234
17,2022,1.384
18,2022,1.996
19,2022,1.406
20,2022,1.065
21,2022,1.911
22,2022,2.773
23,2022,1.021
24,2022,1.004
25,2022,1.481
26,2022,0.696
27,2022,2.179
28,2022,0.401
29,2022,1.03
30,2022,0.891
31,2022,1.085
32,2022,1.837
33,2022,0.868
34,2022,0.868
35,2022,1.844
36,2022,0.972
37,2022,0.941
38,2022,1.286
39,2022,1.196
40,2022,0.771
41,2022,0.429
42,2022,0.243
43,2022,1.202
44,2022,1.202
45,2022,1.909
46,2022,0.95
47,2022,0.825
48,2022,1.313
49,2022,1.085
50,2022,1.136
51,2022,0.811
52,2022,2.295
53,2022,1.437
54,2022,1.178
55,2022,2.371
56,2022,2.232
57,2022,1.49
58,2022,0.844
59,2022,0.961
60,2022,0.804
61,2022,0.63
62,2022,0.794
63,2022,1.052
64,2022,0.248
65,2022,1.942
66,2022,1.12
67,2022,0.995
68,2022,2.231
69,2022,2.231
70,2022,1.311
71,2022,1.066
72,2022,2.051
73,2022,2.906
74,2022,0.162
75,2022,0.897
76,2022,1.444
77,2022,1.62
78,2022,2.593
79,2022,1.04
80,2022,2.14
81,2022,1.049
82,2022,1.43
83,2022,1.075
84,2022,0.856
85,2022,1.067
86,2022,1.638
87,2022,1.175
88,2022,1.328
89,2022,1.292
90,2022,1.26
91,2022,1.886
92,2022,0.808
93,2022,2.114
94,2022,1.174
95,2022,0.775
96,2022,0.969
97,2022,2.264
98,2022,2.172
99,2022,1.687
100,2022,1.796
101,2022,1.105
102,2022,2.184
103,2022,1.393
104,2022,1.301
105,2022,1.413
106,2022,2.698
107,2022,1.23
108,2022,1.156
109,2022,1.626
110,2022,1.526
111,2022,2.311
112,2022,2.48
113,2022,0.902
114,2022,1.929
115,2022,1.292
116,2022,1.688
117,2022,1.316
118,2022,0.597
119,2022,2.679
120,2022,1.941
121,2022,2.92
122,2022,0.796
123,2022,1.262
124,2022,1.092
125,2022,0.66
126,2022,0.954
127,2022,2.079
128,2022,0.287
129,2022,0.901
130,2022,1.643
131,2022,0.401
132,2022,0.739
133,2022,1.2
134,2022,0.737
135,2022,2.126
136,2022,2.832
137,2022,2.223
138,2022,1.966
139,2022,0.845
140,2022,2.273
141,2022,1.002
142,2022,1.349
143,2022,0.074
144,2022,0.074
145,2022,1.015
146,2022,2.588
147,2022,1.828
148,2022,1.15
149,2022,0.847
150,2022,0.534
151,2022,0.969
152,2022,0.969
153,2022,1.615
154,2022,1.563
155,2022,1.895
156,2022,0.721
157,2022,1.53
158,2022,1.265
159,2022,1.056
160,2022,0.774
161,2022,1.104
162,2022,0.852
163,2022,0.692
164,2022,1.275
165,2022,1.275
166,2022,2.036
167,2022,2.141
168,2022,0.757
169,2022,1.94
170,2022,1.915
171,2022,2.268
172,2022,2.268
173,2022,1.942
174,2022,0.89
175,2022,2.022
199,2022,1.161
176,2022,1.83
177,2022,1.498
178,2022,1.961
179,2022,0.603
180,2022,0.976
181,2022,0.975
182,2022,1.992
183,2022,2.553
184,2022,0.997
185,2022,1.604
186,2022,1.09
187,2022,0.83
188,2022,2.368
189,2022,0.862
190,2022,0.845
191,2022,1.009
192,2022,1.075
193,2022,0.843
194,2022,1.917
195,2022,3.511
196,2022,2.119
197,2022,2.915
198,2022,1.55
200,2022,1.399
201,2022,2.119
202,2022,0.962
203,2022,0.874
204,2022,0.623
205,2022,1.024
206,2022,1.024
207,2022,0.926
208,2022,1.079
209,2022,2.271
210,2022,2.588
211,2022,2.588
212,2022,0.687
213,2022,1.106
214,2022,1.91
215,2022,1.553
216,2022,1.911
217,2022,1.202
218,2022,0.863
219,2022,0.539
220,2022,2.578
221,2022,1.206
222,2022,0.893
223,2022,1.119
224,2022,0.895
225,2022,1.102
226,2022,2.041
227,2022,1.389
228,2022,1.389
229,2022,0.859
230,2022,0.494
0,2023,1.748
1,2023,1.485
2,2023,2.299
3,2023,2.303
4,2023,1.01
5,2023,1.803
6,2023,2.83
7,2023,1.252
8,2023,1.168
9,2023,1.173
10,2023,1.421
11,2023,2.246
12,2023,2.246
13,2023,1.79
14,2023,0.877
15,2023,2.612
16,2023,2.297
17,2023,1.756
18,2023,2.29
19,2023,1.809
20,2023,1.809
21,2023,2.721
22,2023,2.408
23,2023,1.827
24,2023,1.488
25,2023,1.788
26,2023,2.191
27,2023,2.562
28,2023,1.288
29,2023,1.689
30,2023,1.164
31,2023,1.162
32,2023,2.646
33,2023,1.565
34,2023,1.565
35,2023,2.803
36,2023,1.383
37,2023,1.212
38,2023,2.374
39,2023,1.904
40,2023,0.817
41,2023,1.282
42,2023,0.88
43,2023,1.243
44,2023,1.243
45,2023,1.892
46,2023,1.567
47,2023,1.591
48,2023,1.283
49,2023,1.227
50,2023,0.614
51,2023,1.625
52,2023,2.567
53,2023,1.877
54,2023,1.889
55,2023,2.495
56,2023,1.884
57,2023,0.707
58,2023,1.173
59,2023,1.302
60,2023,2.107
61,2023,1.883
62,2023,1.497
63,2023,1.085
64,2023,1.085
65,2023,2.16
66,2023,0.849
67,2023,1.071
68,2023,2.423
69,2023,2.423
70,2023,0.76
71,2023,0.764
72,2023,1.879
73,2023,2.623
74,2023,0.828
75,2023,1.186
76,2023,1.791
77,2023,2.062
78,2023,2.458
79,2023,1.38
80,2023,2.486
81,2023,1.893
82,2023,1.165
83,2023,1.672
84,2023,1.171
85,2023,1.693
86,2023,2.1
87,2023,1.505
88,2023,1.586
89,2023,2.073
90,2023,1.715
91,2023,2.056
92,2023,1.476
93,2023,2.526
94,2023,0.509
95,2023,0.896
96,2023,1.101
97,2023,2.159
98,2023,2.048
99,2023,1.544
100,2023,1.525
101,2023,1.939
102,2023,2.32
103,2023,1.868
104,2023,1.822
105,2023,1.915
106,2023,2.627
107,2023,1.424
108,2023,1.67
109,2023,2.076
110,2023,1.64
111,2023,2.094
112,2023,1.934
113,2023,1.496
114,2023,2.313
115,2023,1.966
116,2023,1.493
117,2023,1.364
118,2023,1.532
119,2023,2.707
120,2023,2.468
121,2023,2.596
122,2023,1.237
123,2023,1.466
124,2023,1.221
125,2023,0.89
126,2023,1.645
127,2023,2.417
128,2023,0.74
129,2023,1.173
130,2023,2.025
131,2023,1.295
132,2023,1.413
133,2023,1.756
134,2023,1.053
135,2023,3.014
136,2023,2.481
137,2023,2.196
138,2023,2.505
139,2023,1.173
140,2023,2.551
141,2023,1.248
142,2023,1.745
143,2023,0.612
144,2023,0.612
145,2023,1.139
146,2023,2.331
147,2023,0.755
148,2023,0.93
149,2023,1.488
150,2023,1.611
151,2023,1.599
152,2023,1.599
153,2023,0.624
154,2023,2.392
155,2023,1.194
156,2023,0.87
157,2023,1.666
158,2023,1.046
159,2023,1.276
160,2023,1.496
161,2023,0.718
162,2023,2.068
163,2023,1.917
164,2023,1.44
165,2023,1.44
166,2023,2.465
167,2023,2.414
168,2023,1.206
169,2023,2.157
170,2023,2.662
171,2023,2.508
172,2023,2.508
173,2023,1.529
174,2023,0.915
175,2023,2.245
199,2023,1.196
176,2023,1.894
177,2023,1.997
178,2023,2.561
179,2023,1.039
180,2023,0.794
181,2023,1.294
182,2023,2.421
183,2023,2.638
184,2023,1.005
185,2023,1.338
186,2023,1.168
187,2023,1.386
188,2023,2.525
189,2023,1.016
190,2023,1.173
191,2023,1.414
192,2023,1.673
193,2023,1.504
194,2023,2.311
195,2023,3.577
196,2023,1.463
197,2023,2.827
198,2023,2.005
200,2023,1.469
201,2023,1.792
202,2023,1.325
203,2023,1.394
204,2023,0.297
205,2023,1.417
206,2023,1.417
207,2023,1.264
208,2023,1.676
209,2023,2.549
210,2023,2.465
211,2023,2.465
212,2023,1.218
213,2023,1.24
214,2023,2.795
215,2023,1.659
216,2023,1.477
217,2023,1.199
218,2023,1.171
219,2023,1.653
220,2023,2.386
221,2023,0.778
222,2023,1.453
223,2023,1.522
224,2023,1.185
225,2023,1.944
226,2023,2.442
227,2023,1.778
228,2023,1.778
229,2023,1.277
230,2023,1.009
0,2024,2.188
1,2024,1.75
2,2024,2.925
3,2024,2.824
4,2024,1.588
5,2024,2.369
6,2024,2.489
7,2024,1.295
8,2024,1.574
9,2024,1.668
10,2024,0.979
11,2024,2.364
12,2024,2.364
13,2024,2.063
14,2024,1.446
15,2024,3.267
16,2024,2.246
17,2024,1.513
18,2024,2.469
19,2024,1.638
20,2024,1.638
21,2024,3.55
22,2024,2.583
23,2024,1.754
24,2024,1.553
25,2024,1.765
26,2024,2.272
27,2024,3.436
28,2024,1.841
29,2024,2.081
30,2024,1.478
31,2024,1.592
32,2024,3.109
33,2024,1.543
34,2024,1.543
35,2024,2.592
36,2024,2.057
37,2024,1.536
38,2024,3.366
39,2024,2.042
40,2024,1.149
41,2024,1.605
42,2024,0.426
43,2024,1.709
44,2024,1.709
45,2024,2.272
46,2024,2.033
47,2024,1.804
48,2024,1.256
49,2024,1.25
50,2024,0.965
51,2024,1.682
52,2024,3.376
53,2024,1.627
54,2024,2.504
55,2024,3.343
56,2024,2.353
57,2024,1.837
58,2024,1.668
59,2024,1.486
60,2024,2.022
61,2024,2.058
62,2024,1.571
63,2024,1.515
64,2024,1.515
65,2024,2.751
66,2024,1.029
67,2024,1.849
68,2024,2.425
69,2024,2.425
70,2024,1.092
71,2024,1.019
72,2024,2.263
73,2024,2.422
74,2024,0.895
75,2024,1.275
76,2024,1.998
77,2024,2.387
78,2024,2.998
79,2024,1.72
80,2024,2.113
81,2024,2.68
82,2024,1.367
83,2024,2.268
84,2024,1.621
85,2024,1.875
86,2024,2.759
87,2024,1.63
88,2024,1.707
89,2024,2.748
90,2024,1.758
91,2024,2.679
92,2024,1.571
93,2024,3.316
94,2024,0.035
95,2024,1.136
96,2024,1.472
97,2024,2.457
98,2024,2.29
99,2024,1.309
100,2024,1.416
101,2024,2.313
102,2024,2.799
103,2024,1.922
104,2024,2.19
105,2024,2.179
106,2024,2.115
107,2024,1.752
108,2024,2.064
109,2024,2.655
110,2024,2.54
111,2024,2.476
112,2024,2.153
113,2024,2.026
114,2024,3.062
115,2024,2.438
116,2024,1.81
117,2024,1.633
118,2024,2.544
119,2024,3.18
120,2024,3.307
121,2024,2.76
122,2024,1.208
123,2024,1.881
124,2024,1.612
125,2024,1.155
126,2024,1.707
127,2024,2.975
128,2024,1.025
129,2024,1.668
130,2024,2.187
131,2024,1.391
132,2024,1.759
133,2024,1.873
134,2024,1.231
135,2024,3.316
136,2024,2.499
137,2024,2.624
138,2024,3.387
139,2024,1.668
140,2024,2.655
141,2024,1.499
142,2024,1.959
143,2024,1.133
144,2024,1.133
145,2024,1.287
146,2024,2.725
147,2024,1.469
148,2024,0.629
149,2024,1.708
150,2024,1.244
151,2024,1.559
152,2024,1.559
153,2024,1.557
154,2024,2.994
155,2024,1.908
156,2024,1.412
157,2024,1.81
158,2024,1.48
159,2024,1.728
160,2024,1.827
161,2024,1.338
162,2024,2.381
163,2024,1.854
164,2024,1.542
165,2024,1.542
166,2024,3.375
167,2024,1.999
168,2024,1.569
169,2024,2.345
170,2024,3.273
171,2024,2.35
172,2024,2.35
173,2024,2.224
174,2024,1.493
175,2024,2.893
199,2024,1.503
176,2024,2.275
177,2024,1.972
178,2024,3.384
179,2024,1.605
180,2024,1.059
181,2024,1.633
182,2024,3.326
183,2024,3.269
184,2024,1.219
185,2024,2.648
186,2024,1.536
187,2024,1.866
188,2024,2.242
189,2024,1.629
190,2024,1.668
191,2024,1.978
192,2024,2.268
193,2024,1.402
194,2024,2.973
195,2024,3.689
196,2024,2.013
197,2024,2.907
198,2024,2.467
200,2024,1.773
201,2024,2.029
202,2024,1.33
203,2024,1.98
204,2024,1.11
205,2024,1.705
206,2024,1.705
207,2024,1.639
208,2024,2.272
209,2024,2.946
210,2024,2.442
211,2024,2.442
212,2024,1.404
213,2024,1.288
214,2024,3.582
215,2024,1.791
216,2024,1.492
217,2024,1.95
218,2024,1.497
219,2024,0.946
220,2024,2.103
221,2024,1.156
222,2024,1.878
223,2024,2.035
224,2024,1.334
225,2024,2.313
226,2024,2.232
227,2024,2.118
228,2024,2.118
229,2024,1.644
230,2024,1.523
